form	lemma	POS	morph
		
༄༅། །		PUNCT
ཐུགས་རྗེ་	ཐུགས་རྗེ་	NOUN
ཆེན་པོ་	ཆེན་པོ་	ADJ
རྒྱལ་བ་	རྒྱལ་བ་	NOUN
རྒྱ་མཚོ་	རྒྱ་མཚོ་	NOUN
ལུགས་	ལུགས་	NOUN
གཉིས་	གཉིས་	NUM
གང་	གང་	NO_POS
ལ་	ལ་	PART
སྦྱར་	སྦྱར་	VERB
ཡང་	ཀྱང་	PART
རུང་བ་	རུང་བ་	VERB
འི་	གི་	PART
གནས་	གནས་	NOUN
ལུང་	ལུང་	NOUN
ཁྱེ་	ཁྱེ་	VERB
བདེ་	བདེ་	VERB
ར་	ལ་	PART
བསྡུས་པ་	བསྡུས་པ་	VERB
ཐུགས་རྗེ་	ཐུགས་རྗེ་	NOUN
འི་	གི་	PART
འཕྲུལ་	འཕྲུལ་	VERB
ཞགས་	ཞགས་	NO_POS
ཞེ་	ཅེས་	PART
བྱ་བ་	བྱ་བ་	VERB
བཞུགས་	བཞུགས་	VERB
སོ་	གོ་	PART
། །		PUNCT
མི་	མི་	PART
བཟད་	བཟད་	NOUN
ངན་འགྲོ་	ངན་འགྲོ་	NOUN
འི་	གི་	PART
སྡུག་བསྔལ་	སྡུག་བསྔལ་	NOUN
ནི་	ནི་	NO_POS
། །		PUNCT
མཚན་	མཚན་	NOUN
ཙམ་	ཙམ་	DET
གྱིས་	གིས་	PART
ཀྱང་	ཀྱང་	PART
སྐྱོབ་	སྐྱོབ་	VERB
མཛད་པ་	མཛད་པ་	VERB
། །		PUNCT
ཐུགས་རྗེ་	ཐུགས་རྗེ་	NOUN
འི་	གི་	PART
དབང་ཕྱུག་	དབང་ཕྱུག་	NOUN
ལ་	ལ་	PART
བཏུད་	བཏུད་	NO_POS
ན་	ནས་	PART
། །		PUNCT
གནས་	གནས་	NOUN
ལུང་	ལུང་	NOUN
ཆོ་ག་	ཆོ་ག་	NOUN
འདུ་	འདུ་	VERB
གསལ་	གསལ་	VERB
སྤེལ་	སྤེལ་	VERB
། །		PUNCT
བྱང་ཆུབ་	བྱང་ཆུབ་	NOUN
ཀྱི་	གི་	PART
སེམས་	སེམས་	NOUN
རིན་པོ་ཆེ་	རིན་པོ་ཆེ་	ADJ
རྣམ་པ་	རྣམ་པ་	NOUN
གཉིས་	གཉིས་	NUM
ལ་	ལ་	PART
རྟག་	རྟག་	VERB
ཏུ་	ལ་	PART
གནས་	གནས་	NOUN
ཤིང་	ཅིང་	PART
རིམ་པ་	རིམ་པ་	NOUN
གཉིས་	གཉིས་	NUM
ཀྱི་	གི་	PART
ཏིང་ངེ་འཛིན་	ཏིང་ངེ་འཛིན་	NOUN
དང་	དང་	NO_POS
ལྡན་པ་	ལྡན་པ་	VERB
འི་	གི་	PART
སྒྲུབ་པ་པོ་	སྒྲུབ་པ་པོ་	VERB
གང་ཞིག་	གང་ཞིག་	NO_POS
།		PUNCT
ལ་	ལ་	ADP
ས་	གིས་	PART
དང་	དང་	NO_POS
བག་ཆགས་	བག་ཆགས་	NOUN
ཀྱི་	གི་	PART
གཞན་དབང་	གཞན་དབང་	NO_POS
དུ་	ལ་	PART
གྱུར་པ་	གྱུར་པ་	VERB
ས་	གིས་	PART
འཁོར་བ་	འཁོར་བ་	NOUN
འི་	གི་	PART
འཁོར་ལོ་	འཁོར་ལོ་	NOUN
ར་	ལ་	PART
ཡང་སྲིད་	ཡང་སྲིད་	OTHER
ལུ་གུ་རྒྱུད་	ལུ་གུ་རྒྱུད་	NO_POS
དུ་	ལ་	PART
ཉིང་མཚམས་	ཉིང་མཚམས་	NOUN
སྦྱོར་བ་	སྦྱོར་བ་	VERB
འི་	གི་	PART
འགྲོ་བ་	འགྲོ་བ་	VERB
ལ་	ལ་	PART
ཕན་	ཕན་	NOUN
གདགས་པ་	གདགས་པ་	VERB
ར་	ལ་	PART
འདོད་པ་	འདོད་པ་	VERB
ས་	གིས་	PART
གནས་	གནས་	NOUN
ལུང་	ལུང་	NOUN
གི་	གི་	PART
ཆོ་ག་	ཆོ་ག་	NOUN
བརྩམ་པ་	བརྩམ་པ་	VERB
ར་	ལ་	PART
སྐབས་	སྐབས་	NOUN
སུ་	ལ་	PART
བབས་པ་	བབས་པ་	VERB
ན་	ལ་	PART
། །		PUNCT
རྒྱལ་བ་	རྒྱལ་བ་	NOUN
རྒྱ་མཚོ་	རྒྱ་མཚོ་	NOUN
ལྷ་	ལྷ་	NOUN
དགུ་	དགུ་	NUM
ལྷ་	ལྷ་	NOUN
ལྔ་	ལྔ་	NUM
གང་	གང་	NO_POS
དང་	དང་	NO_POS
འབྲེལ་བ་	འབྲེལ་བ་	VERB
དེ་	དེ་	DET
འི་	གི་	PART
དཀྱིལ་འཁོར་	དཀྱིལ་འཁོར་	NOUN
སྒྲུབ་མཆོད་	སྒྲུབ་མཆོད་	OTHER
ཀྱི་	གི་	PART
ཆ་	ཆ་	NOUN
ས་	གིས་	PART
།		PUNCT
ཚོགས་	ཚོགས་	NOUN
ཀྱི་	གི་	PART
ཡོ་བྱད་	ཡོ་བྱད་	NOUN
དང་	དང་	NO_POS
བཅས་པ་	བཅས་པ་	VERB
རྣམས་	རྣམས་	DET
དང་	དང་	NO_POS
།		PUNCT
ལྷོ་སྒོ་	ལྷོ་སྒོ་	NOUN
ར་	ལ་	PART
སྦྱོང་	སྦྱོང་	VERB
སྟེགས་	སྟེགས་	NOUN
འཁོར་ལོ་	འཁོར་ལོ་	NOUN
དཀར་པོ་	དཀར་པོ་	ADJ
རྩིབས་	རྩིབས་	NOUN
བརྒྱད་	བརྒྱད་	NUM
བྲིས་པ་	བྲིས་པ་	VERB
འི་	གི་	PART
གདན་	གདན་	NOUN
ལ་	ལ་	PART
ཚེ་	ཚེ་	NOUN
འདའ་	འདའ་	VERB
ཀྱི་	གི་	PART
མིང་བྱང་	མིང་བྱང་	NO_POS
བྲི་	བྲི་	NO_POS
རྟེན་	རྟེན་	NOUN
གོ་	གོ་	NOUN
བཟང་	བཟང་	VERB
གིས་	གིས་	PART
བཀླུབས་པ་	བཀླུབས་པ་	NO_POS
།		PUNCT
བགེགས་གཏོར་	བགེགས་གཏོར་	NO_POS
།		PUNCT
གུལ་	གུལ་	NO_POS
ཡུངས་	ཡུངས་	NO_POS
།		PUNCT
ཏིལ་ནག་	ཏིལ་ནག་	NO_POS
།		PUNCT
ཁྲུ་	ཁྲུ་	NOUN
ཆ་	ཆ་	NOUN
ས་	གིས་	PART
།		PUNCT
ཟ་	ཟ་	NOUN
བསྔོ་	བསྔོ་	VERB
སོགས་	སོགས་	DET
ཉེ་བ་		
མཁོ་བ་	མཁོ་བ་	VERB
རྣམས་	རྣམས་	DET
ཚོགས་པ་	ཚོགས་པ་	VERB
ར་	ལ་	PART
བྱ་	བྱ་	VERB
ལ་	ལ་	PART
།		PUNCT
བདག་	བདག་	PRON
བདུན་	བདུན་	NUM
བུམ་	བུམ་	NOUN
སྒྲུབ་	སྒྲུབ་	VERB
བདག་འཇུག་	བདག་འཇུག་	OTHER
ཚོགས་མཆོད་	ཚོགས་མཆོད་	NOUN
ཀྱི་	གི་	PART
བ་	བ་	NOUN
དུ་	ལ་	PART
དཀྱུས་	དཀྱུས་	NOUN
ལྟ་	ལྟ་	OTHER
བཏང་	བཏང་	VERB
།		PUNCT
ཚོགས་	ཚོགས་	NOUN
ལ་མ་	ལ་མ་	NO_POS
རོལ་བ་	རོལ་བ་	VERB
འི་	གི་	PART
བ་	བ་	NOUN
དེ་	དེ་	DET
ར་	ལ་	PART
འདི་	འདི་	DET
ར་	ལ་	PART
འཇུག་	འཇུག་	VERB
།		PUNCT
ལྷ་	ལྷ་	NOUN
ལྔ་	ལྔ་	NUM
འི་	གི་	PART
སྐབས་	སྐབས་	NOUN
བདག་	བདག་	PRON
བདུན་	བདུན་	NUM
བཟླས་པ་	བཟླས་པ་	VERB
ཡན་	ཡན་	ADV
གྲུབ་	གྲུབ་	VERB
ན་	ནས་	PART
དཀྱིལ་ཆོག་	དཀྱིལ་ཆོག་	OTHER
ཆེན་	ཆེན་	NO_POS
མོ་	གོ་	PART
བཏང་	བཏང་	VERB
སྐབས་	སྐབས་	NOUN
བུམ་	བུམ་	NOUN
སྒྲུབ་	སྒྲུབ་	VERB
ལྷ་	ལྷ་	NOUN
དགུ་	དགུ་	NUM
ས་	གིས་	PART
རིགས་འགྲེ་	རིགས་འགྲེ་	NO_POS
བསྐྱེད་	བསྐྱེད་	VERB
ཆོག་	ཆོག་	VERB
འདོར་ལེན་	འདོར་ལེན་	NO_POS
ཕྱེད་པ་	ཕྱེད་པ་	VERB
ར་	ལ་	PART
བྱ་	བྱ་	VERB
ཞིང་	ཅིང་	PART
།		PUNCT
བསྡུས་པ་	བསྡུས་པ་	VERB
ཚིགས་བཅད་	ཚིགས་བཅད་	NOUN
མ་	མ་	PART
འི་	གི་	PART
སྐབས་	སྐབས་	NOUN
སུ་	ལ་	PART
།		PUNCT
བསང་	བསང་	OTHER
སྦྱང་	སྦྱང་	VERB
།		PUNCT
པད་	པད་	NO_POS
ཟླ་	ཟླ་	NOUN
འི་	གི་	PART
སྟེང་	སྟེང་	NOUN
དུ་	ལ་	PART
པྂ་		NON_WORD
དཀར་ལས་	དཀར་ལས་	NO_POS
། །		PUNCT
མཚན་ཉིད་	མཚན་ཉིད་	NOUN
ཡོངས་རྫོགས་	ཡོངས་རྫོགས་	OTHER
བུམ་པ་	བུམ་པ་	NOUN
འི་	གི་	PART
དབུ་	དབུ་	NOUN
། །		PUNCT
པདྨ་	པདྨ་	NOUN
ཉི་	ཉི་	NUM
སྟེང་	སྟེང་	NOUN
ཧྲཱིཿ་		NON_WORD
དམར་	དམར་	VERB
ལ་	ལ་	ADP
ས་	གིས་	PART
། །		PUNCT
བཅོམ་ལྡན་	བཅོམ་ལྡན་	NOUN
རྒྱལ་བ་	རྒྱལ་བ་	NOUN
རྒྱ་མཚོ་	རྒྱ་མཚོ་	NOUN
གསལ་	གསལ་	VERB
། །		PUNCT
སྟེང་	སྟེང་	NOUN
དང་	དང་	NO_POS
གཡས་གཡོན་	གཡས་གཡོན་	NOUN
འོག་	འོག་	NOUN
གི་	གི་	PART
ཆ་	ཆ་	NOUN
ར་	ལ་	PART
། །		PUNCT
པད་	པད་	NO_POS
འབྱུང་	འབྱུང་	VERB
གྲུབ་ཐོབ་	གྲུབ་ཐོབ་	NOUN
རྒྱ་མཚོ་	རྒྱ་མཚོ་	NOUN
དང་	དང་	NO_POS
། །		PUNCT
རྟ་མགྲིན་	རྟ་མགྲིན་	PROPN
དཔའ་བོ་	དཔའ་བོ་	NOUN
རྒྱ་མཚོ་	རྒྱ་མཚོ་	NOUN
དང་	དང་	NO_POS
། །		PUNCT
གསང་	གསང་	VERB
ཡེ་	ཡེ་	ADV
དཔའ་མོ་	དཔའ་མོ་	NOUN
རྒྱ་མཚོ་	རྒྱ་མཚོ་	NOUN
དང་	དང་	NO_POS
། །		PUNCT
མཁའ་འགྲོ་	མཁའ་འགྲོ་	NOUN
དམ་ཅན་	དམ་ཅན་	NOUN
རྒྱ་མཚོ་	རྒྱ་མཚོ་	NOUN
རྣམས་	རྣམས་	DET
། །		PUNCT
སྐུ་མདོག་	སྐུ་མདོག་	NOUN
ཕྱག་མཚན་	ཕྱག་མཚན་	NOUN
རྒྱན་ཆ་	རྒྱན་ཆ་	NOUN
ལུགས་	ལུགས་	NOUN
། །		PUNCT
གསལ་	གསལ་	VERB
ལ་མ་	ལ་མ་	NO_POS
འདྲེ་	འདྲེ་	VERB
ཡོངས་སུ་	ཡོངས་སུ་	NO_POS
རྫོགས་	རྫོགས་	VERB
། །		PUNCT
ལས་བུམ་	ལས་བུམ་	NO_POS
ནང་	ནང་	NOUN
དུ་	ལ་	PART
རྟ་མགྲིན་	རྟ་མགྲིན་	PROPN
རྒྱལ་	རྒྱལ་	VERB
། །		PUNCT
དམར་པོ་	དམར་པོ་	ADJ
ཕྱག་	ཕྱག་	NOUN
གཡའ་	གཡའ་	NOUN
རྡོ་རྗེ་	རྡོ་རྗེ་	NOUN
དང་	དང་	NO_POS
། །		PUNCT
གཡོན་པ་	གཡོན་པ་	ADJ
ས་	གིས་	PART
སྡིགས་མཛུབ་	སྡིགས་མཛུབ་	NOUN
ཞགས་པ་	ཞགས་པ་	NOUN
བསྣམས་	བསྣམས་	NO_POS
། །		PUNCT
ཁྲོ་བོ་	ཁྲོ་བོ་	NOUN
འི་	གི་	PART
ཆ་	ཆ་	NOUN
ས་	གིས་	PART
ལྡན་	ལྡན་	VERB
མེ་དཔུང་	མེ་དཔུང་	OTHER
ཀློང་	ཀློང་	NOUN
། །		PUNCT
བརྐྱང་བསྐུམ་	བརྐྱང་བསྐུམ་	NO_POS
པད་	པད་	NO_POS
ཉི་	ཉི་	NUM
འི་	གི་	PART
གདན་	གདན་	NOUN
ལ་	ལ་	PART
འགྱིང་	འགྱིང་	NO_POS
། །		PUNCT
ཀུན་	ཀུན་	DET
གྱི་	གི་	PART
གནས་	གནས་	NOUN
གསུམ་	གསུམ་	NUM
འབྲུ་	འབྲུ་	NOUN
གསུམ་	གསུམ་	NUM
དང་	དང་	NO_POS
། །		PUNCT
ཐུགས་	ཐུགས་	NOUN
སྲོག་	སྲོག་	NOUN
འོད་	འོད་	NOUN
ཀྱིས་	གིས་	PART
ཡེ་ཤེས་པ་	ཡེ་ཤེས་པ་	NOUN
། །		PUNCT
སྤྱན་	སྤྱན་	NOUN
དྲངས་	དྲངས་	NO_POS
གཉིས་	གཉིས་	NUM
སུ་	ལ་	PART
མེད་པ་	མེད་པ་	VERB
ར་	ལ་	PART
གྱུར་	གྱུར་	VERB
། །		PUNCT
བཛྲ་	བཛྲ་	NO_POS
ས་	ས་	ADP
མཱ་	མཱ་	NO_POS
ཛཿ་		NON_WORD
ཛཿ་		NON_WORD
ཧཱུྂ་		NON_WORD
བཾ་		NON_WORD
ཧོཿ་		NON_WORD
སླར་ཡང་	སླར་ཡང་	OTHER
དབང་	དབང་	NOUN
ལྷ་	ལྷ་	NOUN
སྤྱན་	སྤྱན་	NOUN
དྲངས་	དྲངས་	NO_POS
ཏེ་	སྟེ་	PART
། །		PUNCT
དབང་	དབང་	NOUN
བསྐུར་	བསྐུར་	NO_POS
སྐུ་	སྐུ་	NOUN
གང་	གང་	NO_POS
དྲི་མ་	དྲི་མ་	NOUN
དག་	དག་	DET
།		PUNCT
ཆུ་	ཆུ་	NOUN
ལྷག་	ལྷག་	NOUN
ཡ་	ཡ་	OTHER
ལུད་	ལུད་	NOUN
གཙོ་འཁོར་	གཙོ་འཁོར་	OTHER
ཀུན་	ཀུན་	DET
། །		PUNCT
འོད་	འོད་	NOUN
དཔག་མེད་པ་	དཔག་མེད་པ་	ADJ
ས་	གིས་	PART
རྒྱ་	རྒྱ་	VERB
བཏབ་	བཏབ་	VERB
གྱུར་	གྱུར་	VERB
། །		PUNCT
མཆོད་རྫས་	མཆོད་རྫས་	NOUN
རྣམས་	རྣམས་	DET
ལ་	ལ་	PART
བདུད་རྩི་	བདུད་རྩི་	NOUN
གཏོ་	གཏོ་	VERB
ཞིང་	ཅིང་	PART
བསང་	བསང་	OTHER
སྦྱང་	སྦྱང་	VERB
།		PUNCT
སྟོང་པ་	སྟོང་པ་	VERB
འི་	གི་	PART
ངང་	ངང་	NOUN
ལས་ཀ་	ལས་ཀ་	OTHER
པཱ་	པཱ་	NO_POS
ལ་	ལ་	PART
། །		PUNCT
ཡངས་པ་	ཡངས་པ་	ADJ
འི་	གི་	PART
ནང་	ནང་	NOUN
དུ་	ལ་	PART
ཧཱུྂ་		NON_WORD
ཡིག་	ཡིག་	NOUN
ལ་	ལ་	ADP
ས་	གིས་	PART
། །		PUNCT
མཆོད་རྫས་	མཆོད་རྫས་	NOUN
དྭངས་	དྭངས་	NO_POS
ཤིང་	ཅིང་	PART
ཐོགས་མེད་པ་	ཐོགས་མེད་པ་	PROPN
། །		PUNCT
ཀུན་བཟང་	ཀུན་བཟང་	ADJ
མཆོད་སྤྲིན་	མཆོད་སྤྲིན་	OTHER
ལྟ་བུ་	ལྟ་བུ་	NOUN
ར་	ལ་	PART
གྱུར་	གྱུར་	VERB
། །		PUNCT
ཨོཾ་	ཨོཾ་	X
བཛྲ་	བཛྲ་	NO_POS
ཨརྒྷཾ་		NON_WORD
ཨཱཿ་		NON_WORD
ཧཱུྂ་		NON_WORD
།		PUNCT
དེ་བཞིན་	དེ་བཞིན་	OTHER
དུ་	ལ་	PART
།		PUNCT
དྷཱུ་		NON_WORD
པེ་	པེ་	NO_POS
དང་	དང་	NO_POS
པུཥྤེ་		NON_WORD
ན་	ནས་	PART
ཤབྡའི་		NON_WORD
བ་	བ་	NOUN
དུ་	ལ་	PART
སྦྱར་བ་	སྦྱར་བ་	VERB
ས་	གིས་	PART
བྱིན་	བྱིན་	VERB
བརླབ་	བརླབ་	NO_POS
།		PUNCT
ཨོཾ་	ཨོཾ་	X
།		PUNCT
མཆོད་ཡོན་	མཆོད་ཡོན་	OTHER
བདུག་སྤོས་	བདུག་སྤོས་	NOUN
མེ་ཏོག་	མེ་ཏོག་	NOUN
སྣང་གསལ་	སྣང་གསལ་	OTHER
དྲི་	དྲི་	NOUN
། །		PUNCT
ཞལ་ཟས་	ཞལ་ཟས་	NOUN
རོལ་མོ་	རོལ་མོ་	NOUN
ཤ་ལྔ་	ཤ་ལྔ་	NO_POS
རིགས་	རིགས་	NOUN
ཀྱི་	གི་	PART
ཡུམ་	ཡུམ་	NOUN
། །		PUNCT
ཟག་མེད་	ཟག་མེད་	ADJ
བདེ་ཆེན་	བདེ་ཆེན་	NOUN
བདུད་རྩི་	བདུད་རྩི་	NOUN
བདེ་བ་	བདེ་བ་	VERB
འི་	གི་	PART
གནས་	གནས་	NOUN
། །		PUNCT
ཤ་ཆེན་	ཤ་ཆེན་	NOUN
གསུར་	གསུར་	NO_POS
དུད་	དུད་	NO_POS
ཞུན་	ཞུན་	NO_POS
མེད་	མེད་	VERB
དགའ་བདེ་	དགའ་བདེ་	NOUN
རྒྱ་	རྒྱ་	VERB
། །		PUNCT
སྣང་བ་	སྣང་བ་	VERB
སྣ་ཚོགས་	སྣ་ཚོགས་	DET
ལྷན་སྐྱེས་	ལྷན་སྐྱེས་	ADJ
ཡེ་ཤེས་	ཡེ་ཤེས་	NOUN
བདེ་	བདེ་	VERB
། །		PUNCT
རང་བྱུང་	རང་བྱུང་	NOUN
ཀུན་མཁྱེན་	ཀུན་མཁྱེན་	OTHER
ཡེ་ཤེས་	ཡེ་ཤེས་	NOUN
མཆོད་པ་	མཆོད་པ་	VERB
འི་	གི་	PART
སྤྲིན་	སྤྲིན་	NOUN
། །		PUNCT
མཆོད་པ་	མཆོད་པ་	VERB
ར་	ལ་	PART
བཞེས་	བཞེས་	VERB
ལ་	ལ་	PART
དངོས་གྲུབ་	དངོས་གྲུབ་	NOUN
སྩལ་	སྩལ་	VERB
དུ་	ལ་	PART
གསོལ་	གསོལ་	VERB
། །		PUNCT
ཨོཾ་	ཨོཾ་	X
བཛྲ་	བཛྲ་	NO_POS
ཨརྒྷཾ་		NON_WORD
པྲ་	པྲ་	NOUN
ཏཱིཙྪ་		NON_WORD
སྭཱ་		NON_WORD
ཧཱ་		NON_WORD
།		PUNCT
དེ་བཞིན་	དེ་བཞིན་	OTHER
དུ་	ལ་	PART
།		PUNCT
དྷཱུ་		NON_WORD
པེ་	པེ་	NO_POS
དང་	དང་	NO_POS
།		PUNCT
པུཥྤེ་		NON_WORD
སོགས་	སོགས་	DET
སྦྱར་བ་	སྦྱར་བ་	VERB
ས་	གིས་	PART
མཆོད་	མཆོད་	VERB
།		PUNCT
ཨོཾ་	ཨོཾ་	X
།		PUNCT
ཐུགས་རྗེ་	ཐུགས་རྗེ་	NOUN
ཆེན་པོ་	ཆེན་པོ་	ADJ
འི་	གི་	PART
འཇིག་རྟེན་	འཇིག་རྟེན་	NOUN
དབང་ཕྱུག་	དབང་ཕྱུག་	NOUN
སྐུ་	སྐུ་	NOUN
། །		PUNCT
སྐུ་མདོག་	སྐུ་མདོག་	NOUN
དམར་	དམར་	VERB
གསལ་	གསལ་	VERB
འཇིག་རྟེན་	འཇིག་རྟེན་	NOUN
དབང་	དབང་	NOUN
དུ་	ལ་	PART
སྡུད་	སྡུད་	VERB
། །		PUNCT
སྤྱན་	སྤྱན་	NOUN
གྱི་	གི་	PART
འོད་ཟེར་	འོད་ཟེར་	NOUN
འགྲོ་	འགྲོ་	VERB
ལ་	ལ་	PART
ཐུགས་རྗེ་	ཐུགས་རྗེ་	NOUN
ས་	གིས་	PART
གཟིགས་	གཟིགས་	VERB
། །		PUNCT
ཞལ་	ཞལ་	NOUN
ན་	ནས་	PART
ཧཱུྂ་		NON_WORD
སྒྲ་	སྒྲ་	NOUN
ས་	གིས་	PART
སྟོང་གསུམ་	སྟོང་གསུམ་	OTHER
ཆོས་སྒྲ་	ཆོས་སྒྲ་	NO_POS
སྒྲོགས་	སྒྲོགས་	VERB
། །		PUNCT
ཤངས་	ཤངས་	PROPN
ན་	ནས་	PART
ཡེ་ཤེས་	ཡེ་ཤེས་	NOUN
རླུང་	རླུང་	NOUN
གིས་	གིས་	PART
ཉོན་མོངས་	ཉོན་མོངས་	NOUN
འཐོར་	འཐོར་	VERB
། །		PUNCT
སྙན་	སྙན་	NOUN
གཉིས་	གཉིས་	NUM
ཐབས་	ཐབས་	NOUN
དང་	དང་	NO_POS
ཤེས་རབ་	ཤེས་རབ་	NOUN
འདུལ་	འདུལ་	NO_POS
ཐབས་	ཐབས་	NOUN
མཛད་	མཛད་	VERB
། །		PUNCT
ཕྱག་	ཕྱག་	NOUN
གཉིས་	གཉིས་	NUM
དབྱིངས་	དབྱིངས་	NOUN
དང་	དང་	NO_POS
ཡེ་ཤེས་	ཡེ་ཤེས་	NOUN
གཉིས་	གཉིས་	NUM
མེད་	མེད་	VERB
སྦྱོར་	སྦྱོར་	VERB
། །		PUNCT
གཡས་པ་	གཡས་པ་	VERB
ས་	གིས་	PART
བགྲང་ཕྲེང་	བགྲང་ཕྲེང་	NO_POS
བྱང་ཆུབ་	བྱང་ཆུབ་	NOUN
ལམ་སྣ་	ལམ་སྣ་	NOUN
འདྲེན་	འདྲེན་	NO_POS
། །		PUNCT
གཡོན་པ་	གཡོན་པ་	ADJ
ས་	གིས་	PART
པདྨ་	པདྨ་	NOUN
འཁོར་བ་	འཁོར་བ་	NOUN
འི་	གི་	PART
སྐྱོན་	སྐྱོན་	NOUN
དང་	དང་	NO_POS
བྲལ་	བྲལ་	VERB
། །		PUNCT
ཞབས་	ཞབས་	NOUN
གཉིས་	གཉིས་	NUM
འགྲོ་བ་	འགྲོ་བ་	VERB
འི་	གི་	PART
དོན་	དོན་	NOUN
ལ་	ལ་	PART
མཉམ་པ་	མཉམ་པ་	VERB
ར་	ལ་	PART
བཞུགས་	བཞུགས་	VERB
། །		PUNCT
རིན་ཆེན་	རིན་ཆེན་	OTHER
རྒྱན་	རྒྱན་	NOUN
དྲུག་	དྲུག་	NUM
ཕ་རོལ་	ཕ་རོལ་	NOUN
ཕྱིན་	ཕྱིན་	VERB
དྲུག་	དྲུག་	NUM
ལྡན་	ལྡན་	VERB
། །		PUNCT
འགྲོ་	འགྲོ་	VERB
རྣམས་	རྣམས་	DET
མ་	མ་	PART
ལུས་	ལུས་	NOUN
ཐུགས་རྗེ་	ཐུགས་རྗེ་	NOUN
ས་	གིས་	PART
དབང་	དབང་	NOUN
དུ་	ལ་	PART
སྡུད་	སྡུད་	VERB
། །		PUNCT
འཇིག་རྟེན་	འཇིག་རྟེན་	NOUN
དབང་ཕྱུག་	དབང་ཕྱུག་	NOUN
སྐུ་	སྐུ་	NOUN
ལ་	ལ་	PART
ཕྱག་	ཕྱག་	NOUN
མཚལ་	མཚལ་	NO_POS
བསྟོད་	བསྟོད་	VERB
། །		PUNCT
བསྟོད་པ་	བསྟོད་པ་	VERB
ར་	ལ་	PART
འོས་པ་	འོས་པ་	VERB
ཐམས་ཅད་	ཐམས་ཅད་	DET
ལ་	ལ་	PART
། །		PUNCT
ཞིང་	ཅིང་	PART
རྡུལ་	རྡུལ་	NOUN
ཀུན་	ཀུན་	DET
གྱི་	གི་	PART
གྲངས་	གྲངས་	NOUN
སྙེད་	སྙེད་	DET
ཀྱི་	གི་	PART
། །		PUNCT
ལུས་	ལུས་	NOUN
བཏུད་པ་	བཏུད་པ་	VERB
ཡི་	གི་	PART
རྣམས་	རྣམས་	DET
ཀུན་	ཀུན་	DET
ཏུ་	ལ་	PART
། །		PUNCT
མཆོག་	མཆོག་	ADJ
ཏུ་	ལ་	PART
གུས་པ་	གུས་པ་	VERB
ས་	གིས་	PART
ཕྱག་	ཕྱག་	NOUN
འཚལ་	འཚལ་	VERB
བསྟོད་	བསྟོད་	VERB
། །		PUNCT
ཅེས་	ཅེས་	PART
བསྟོད་	བསྟོད་	VERB
།		PUNCT
རང་སྲོག་	རང་སྲོག་	NOUN
སྔགས་	སྔགས་	NOUN
ལ་	ལ་	ADP
ས་	གིས་	PART
འོད་ཟེར་	འོད་ཟེར་	NOUN
སེར་པོ་	སེར་པོ་	ADJ
འཕྲོ་	འཕྲོ་	NOUN
ས་	གིས་	PART
། །		PUNCT
གཟུངས་ཐག་	གཟུངས་ཐག་	NO_POS
བརྒྱུད་	བརྒྱུད་	NO_POS
དེ་	སྟེ་	PART
བུམ་	བུམ་	NOUN
ལྷ་	ལྷ་	NOUN
འི་	གི་	PART
རྒྱུད་	རྒྱུད་	NOUN
བསྐུལ་	བསྐུལ་	VERB
གྱུར་	གྱུར་	VERB
།		PUNCT
ཡིག་	ཡིག་	NOUN
བཅུ་	བཅུ་	NUM
སོགས་	སོགས་	DET
བཟླ་	བཟླ་	NO_POS
།		PUNCT
ལས་བུམ་	ལས་བུམ་	NO_POS
ལ་	ལ་	PART
།		PUNCT
ཨོཾ་	ཨོཾ་	X
ཧྲཱིཿ་		NON_WORD
པདྨཱནྟ་		NON_WORD
ཀྲྀཏ་		NON_WORD
བཛྲ་	བཛྲ་	NO_POS
ཀྲོ་		NON_WORD
དྷ་		NON_WORD
ཧྱ་		NON_WORD
གྲཱི་		NON_WORD
ཝ་	ཝ་	OTHER
ཧུ་	ཧུ་	NO_POS
ལུ་	ལུ་	NO_POS
ཧུ་	ཧུ་	NO_POS
ལུ་	ལུ་	NO_POS
ཧཱུཾ་		NON_WORD
ཕཊ་		NON_WORD
།		PUNCT
ཅེས་	ཅེས་	PART
བཟླས་	བཟླས་	NO_POS
ལ་	ལ་	PART
།		PUNCT
བུམ་	བུམ་	NOUN
ལྷ་	ལྷ་	NOUN
བདེ་ཆེན་	བདེ་ཆེན་	NOUN
བདུད་རྩི་	བདུད་རྩི་	NOUN
འི་	གི་	PART
ངོ་བོ་	ངོ་བོ་	NOUN
ར་	ལ་	PART
གྱུར་	གྱུར་	VERB
། །		PUNCT
ཁྲོ་བོ་	ཁྲོ་བོ་	NOUN
འི་	གི་	PART
རྒྱལ་པོ་	རྒྱལ་པོ་	NOUN
ས་	གིས་	PART
ལ་	ལ་	ADP
ས་	གིས་	PART
རྣམས་	རྣམས་	DET
སྒྲུབ་པ་	སྒྲུབ་པ་	VERB
ར་	ལ་	PART
མཛོད་	མཛོད་	NOUN
། །		PUNCT
དེ་ནས་	དེ་ནས་	NO_POS
དམིགས་རྟེན་	དམིགས་རྟེན་	NO_POS
མདུན་	མདུན་	NOUN
དུ་	ལ་	PART
བཀོད་	བཀོད་	VERB
། །		PUNCT
ལས་བུམ་	ལས་བུམ་	NO_POS
གྱི་	གི་	PART
ཆུ་	ཆུ་	VERB
བྲན་	བྲན་	NOUN
ལ་	ལ་	PART
བསང་	བསང་	OTHER
སྦྱང་	སྦྱང་	VERB
།		PUNCT
སྟོང་པ་	སྟོང་པ་	VERB
འི་	གི་	PART
ངང་	ངང་	NOUN
ལ་	ལ་	ADP
ས་	གིས་	PART
ཡི་གེ་	ཡི་གེ་	NOUN
ནྲྀ་		NON_WORD
ཡོངས་སུ་	ཡོངས་སུ་	NO_POS
གྱུར་པ་	གྱུར་པ་	VERB
ལ་	ལ་	ADP
ས་	གིས་	PART
ཚེ་	ཚེ་	NOUN
ལ་	ལ་	ADP
ས་	གིས་	PART
འདས་པ་	འདས་པ་	VERB
གསོན་པོ་	གསོན་པོ་	ADJ
འི་	གི་	PART
དུས་	དུས་	NOUN
ཀྱི་	གི་	PART
གཟུགས་	གཟུགས་	NOUN
དང་	དང་	NO_POS
ཆ་ལུགས་	ཆ་ལུགས་	NOUN
ཇི་ལྟ་	ཇི་ལྟ་	ADJ
བ་	བ་	ADP
དཀྱིལ་འཁོར་	དཀྱིལ་འཁོར་	NOUN
གྱི་	གི་	PART
ལྷ་ཚོགས་	ལྷ་ཚོགས་	NOUN
ལ་	ལ་	PART
གདོང་	གདོང་	NOUN
ཕྱོགས་	ཕྱོགས་	NOUN
ཏེ་	སྟེ་	PART
འདུད་པ་	འདུད་པ་	VERB
ས་	གིས་	PART
གནས་པ་	གནས་པ་	VERB
ར་	ལ་	PART
གྱུར་	གྱུར་	VERB
།		PUNCT
རང་	རང་	PRON
དང་	དང་	NO_POS
དཀྱིལ་འཁོར་པ་	དཀྱིལ་འཁོར་པ་	NOUN
འི་	གི་	PART
ཐུགས་ཀ་	ཐུགས་ཀ་	NOUN
ན་	ནས་	PART
འོད་ཟེར་	འོད་ཟེར་	NOUN
འཕྲོས་པ་	འཕྲོས་པ་	VERB
ས་	གིས་	PART
།		PUNCT
ཚེ་	ཚེ་	NOUN
འདའ་	འདའ་	VERB
ཀྱི་	གི་	PART
རྣམ་ཤེས་	རྣམ་ཤེས་	NOUN
རླུང་	རླུང་	NOUN
མེད་པ་	མེད་པ་	VERB
འི་	གི་	PART
མར་མེ་	མར་མེ་	NOUN
ལྟ་བུ་	ལྟ་བུ་	NOUN
བཀུག་	བཀུག་	VERB
སྟེ་	སྟེ་	PART
དེ་	དེ་	DET
འི་	གི་	PART
སྤྱི་བོ་	སྤྱི་བོ་	NOUN
ན་	ནས་	PART
ཞུགས་	ཞུགས་	VERB
སྙིང་ག་	སྙིང་ག་	NOUN
ར་	ལ་	PART
གནས་པ་	གནས་པ་	VERB
ར་	ལ་	PART
གྱུར་	གྱུར་	VERB
།		PUNCT
ཧཱུཾ་		NON_WORD
མཛད་	མཛད་	VERB
ཀྱི་	གི་	PART
རྒྱ་	རྒྱ་	VERB
།		PUNCT
ན་མོ་	ན་མོ་	X
།		PUNCT
རྗེ་བཙུན་	རྗེ་བཙུན་	NOUN
རྩ་བ་	རྩ་བ་	NOUN
དང་	དང་	NO_POS
བརྒྱུད་པ་	བརྒྱུད་པ་	VERB
ར་	ལ་	PART
བཅས་པ་	བཅས་པ་	VERB
འི་	གི་	PART
དཔལ་ལྡན་	དཔལ་ལྡན་	ADJ
བླ་མ་	བླ་མ་	NOUN
དམ་པ་	དམ་པ་	VERB
རྣམས་	རྣམས་	DET
ཀྱི་	གི་	PART
བཀའ་	བཀའ་	NOUN
བདེན་པ་	བདེན་པ་	VERB
དང་	དང་	NO_POS
།		PUNCT
སངས་རྒྱས་	སངས་རྒྱས་	NOUN
ཀྱི་	གི་	PART
བཀའ་	བཀའ་	NOUN
བདེན་པ་	བདེན་པ་	VERB
དང་	དང་	NO_POS
།		PUNCT
ཆོ་	ཆོ་	NOUN
ཀྱི་	གི་	PART
བཀའ་	བཀའ་	NOUN
བདེན་པ་	བདེན་པ་	VERB
དང་	དང་	NO_POS
།		PUNCT
དགེ་འདུན་	དགེ་འདུན་	NOUN
གྱི་	གི་	PART
བཀའ་	བཀའ་	NOUN
བདེན་པ་	བདེན་པ་	VERB
དང་	དང་	NO_POS
།		PUNCT
བཅོམ་ལྡན་འདས་	བཅོམ་ལྡན་འདས་	NOUN
འཇིག་རྟེན་	འཇིག་རྟེན་	NOUN
དབང་ཕྱུག་	དབང་ཕྱུག་	NOUN
རྒྱལ་བ་	རྒྱལ་བ་	NOUN
རྒྱ་མཚོ་	རྒྱ་མཚོ་	NOUN
འི་	གི་	PART
དཀྱིལ་འཁོར་	དཀྱིལ་འཁོར་	NOUN
གྱི་	གི་	PART
ལྷ་ཚོགས་	ལྷ་ཚོགས་	NOUN
རྣམས་	རྣམས་	DET
ཀྱི་	གི་	PART
བཀའ་	བཀའ་	NOUN
བདེན་པ་	བདེན་པ་	VERB
དང་	དང་	NO_POS
།		PUNCT
དམ་པ་	དམ་པ་	VERB
ཆོས་སྐྱོང་བ་	ཆོས་སྐྱོང་བ་	NOUN
འི་	གི་	PART
སྲུང་མ་	སྲུང་མ་	NOUN
རྣམས་	རྣམས་	DET
ཀྱི་	གི་	PART
བཀའ་	བཀའ་	NOUN
བདེན་པ་	བདེན་པ་	VERB
འི་	གི་	PART
མཐུ་	མཐུ་	NOUN
ས་	གིས་	PART
།		PUNCT
ཚེ་	ཚེ་	NOUN
ལ་	ལ་	ADP
ས་	གིས་	PART
འདས་པ་	འདས་པ་	VERB
འི་	གི་	PART
རྣམ་པ་	རྣམ་པ་	NOUN
ར་	ལ་	PART
ཤེས་པ་	ཤེས་པ་	VERB
རིགས་	རིགས་	NOUN
དྲུག་	དྲུག་	NUM
སྐྱེ་གནས་	སྐྱེ་གནས་	NOUN
བཞི་	བཞི་	NUM
ག་	ག་	NOUN
གནས་	གནས་	NOUN
ཀྱང་	ཀྱང་	PART
སྐད་ཅིག་	སྐད་ཅིག་	OTHER
གིས་	གིས་	PART
འདི་	འདི་	DET
ར་	ལ་	PART
མཆིས་པ་	མཆིས་པ་	VERB
ར་	ལ་	PART
གྱུར་ཅིག་	གྱུར་ཅིག་	NO_POS
།		PUNCT
ལན་	ལན་	NOUN
གསུམ་	གསུམ་	NUM
གྱིས་	གིས་	PART
བཀུག་	བཀུག་	VERB
། །		PUNCT
ཛ་	ཛ་	OTHER
ཧཱུྂ་		NON_WORD
བཾ་		NON_WORD
ཧོཿ་		NON_WORD
ས་	ས་	ADP
བསྟིམ་	བསྟིམ་	NO_POS
།		PUNCT
བགེགས་གཏོར་	བགེགས་གཏོར་	NO_POS
ཨ་	ཨ་	X
ཀཱ་	ཀཱ་	NO_POS
རོ་	རོ་	NOUN
ས་	གིས་	PART
བརླབ་	བརླབ་	NO_POS
གཡས་གཡོན་	གཡས་གཡོན་	NOUN
དུ་	ལ་	PART
བསྐོར་	བསྐོར་	VERB
ལ་	ལ་	PART
།		PUNCT
ཨོཾ་	ཨོཾ་	X
སརྦ་	སརྦ་	NO_POS
བིགྷྣན་		NON_WORD
ན་	ལ་	PART
མཿ་		NON_WORD
སརྦ་	སརྦ་	NO_POS
ཏ་	ཏ་	OTHER
ཐཱ་		NON_WORD
ག་	ག་	PRON
ཏེ་	སྟེ་	PART
བྷྱོ་		NON_WORD
བི་	བི་	NO_POS
ཤྭ་	ཤྭ་	NO_POS
མུ་	མུ་	NOUN
ཁེ་	ཁེ་	NOUN
བྷྱཿ་		NON_WORD
སརྦ་	སརྦ་	NO_POS
ཐཱ་		NON_WORD
ཁཾ་		NON_WORD
ཨུཏྒ་		NON_WORD
ཏེ་	སྟེ་	PART
སྥ་		NON_WORD
ར་	ར་	ADP
ཎ་		NON_WORD
ཨི་	ཨི་	NO_POS
མཾ་	མཾ་	NO_POS
ག་	ག་	PRON
ག་	ག་	PRON
ན་	ལ་	PART
ཁཾ་		NON_WORD
གྲྀ་		NON_WORD
ཧྞེ་		NON_WORD
དཾ་བ་	དཾ་བ་	NON_WORD
ལྱ་		NON_WORD
དི་		NON_WORD
སྭཱ་		NON_WORD
ཧཱ་		NON_WORD
།		PUNCT
ལན་	ལན་	NOUN
གསུམ་	གསུམ་	NUM
གྱིས་	གིས་	PART
བསྔོ་	བསྔོ་	VERB
ལ་	ལ་	PART
།		PUNCT
ཧཱུྂ་		NON_WORD
།		PUNCT
ཤ་	ཤ་	NOUN
དང་	དང་	NO_POS
མ་	མ་	NOUN
དང་	དང་	NO_POS
ཁུ་བ་	ཁུ་བ་	NOUN
དང་	དང་	NO_POS
། །		PUNCT
ཛ་གད་	ཛ་གད་	NO_POS
གཏོར་མ་	གཏོར་མ་	NOUN
འདི་	འདི་	DET
སྦྱིན་	སྦྱིན་	VERB
གྱིས་	གིས་	PART
། །		PUNCT
ལྷ་	ལྷ་	NOUN
ཀླུ་གནོད་	ཀླུ་གནོད་	NO_POS
སྦྱིན་	སྦྱིན་	VERB
དྲི་ཟ་	དྲི་ཟ་	NOUN
དང་	དང་	NO_POS
། །		PUNCT
ལྟོ་འཕྱེ་	ལྟོ་འཕྱེ་	NO_POS
ས་བདག་	ས་བདག་	NOUN
རིགས་	རིགས་	NOUN
རྣམས་	རྣམས་	DET
དང་	དང་	NO_POS
། །		PUNCT
གྲུལ་བུམ་	གྲུལ་བུམ་	NO_POS
དང་	དང་	NO_POS
ནི་	ནི་	NO_POS
གཉན་	གཉན་	OTHER
གྱི་	གི་	PART
རིགས་	རིགས་	NOUN
། །		PUNCT
ཡི་དྭགས་	ཡི་དྭགས་	NOUN
ཤ་ཟ་	ཤ་ཟ་	NOUN
འི་	གི་	PART
རིགས་	རིགས་	NOUN
རྣམས་	རྣམས་	DET
དང་	དང་	NO_POS
། །		PUNCT
དེ་བཞིན་	དེ་བཞིན་	OTHER
སྟོབས་ཆེན་	སྟོབས་ཆེན་	OTHER
བདུད་	བདུད་	NOUN
ཀྱི་	གི་	PART
རིགས་	རིགས་	NOUN
། །		PUNCT
བཙན་	བཙན་	VERB
དང་	དང་	NO_POS
རྒྱལ་པོ་	རྒྱལ་པོ་	NOUN
འཁོར་བཅས་	འཁོར་བཅས་	ADJ
དང་	དང་	NO_POS
། །		PUNCT
མ་མོ་	མ་མོ་	NOUN
གཤིན་རྗེ་	གཤིན་རྗེ་	OTHER
ལ་སོགས་པ་	ལ་སོགས་པ་	NO_POS
། །		PUNCT
ཁྱེད་	ཁྱེད་	PRON
རྣམས་	རྣམས་	DET
ཀུན་	ཀུན་	DET
གྱི་	གི་	PART
ལན་ཆགས་	ལན་ཆགས་	NO_POS
ནི་	ནི་	NO_POS
། །		PUNCT
སྐད་ཅིག་	སྐད་ཅིག་	OTHER
ཉིད་	ཉིད་	DET
ལ་	ལ་	PART
བྲལ་	བྲལ་	VERB
གྱུར་	གྱུར་	VERB
ཏེ་	སྟེ་	PART
། །		PUNCT
ཚེ་	ཚེ་	NOUN
འདའ་	འདའ་	VERB
རིགས་	རིགས་	NOUN
ཀྱི་	གི་	PART
བུ་	བུ་	NOUN
འདི་	འདི་	DET
དང་	དང་	NO_POS
། །		PUNCT
ལུས་	ལུས་	NOUN
དང་	དང་	NO_POS
གྲིབ་	གྲིབ་	NOUN
བཞིན་	བཞིན་	NOUN
མ་	མ་	PART
འགྲོགས་	འགྲོགས་	NO_POS
ཤིག་	ཅིག་	PART
།		PUNCT
ངན་སོང་	ངན་སོང་	NOUN
གསུམ་	གསུམ་	NUM
གྱི་	གི་	PART
ལམ་	གམ་	PART
མ་	མ་	PART
སྟོན་	སྟོན་	VERB
། །		PUNCT
ཚེ་	ཚེ་	NOUN
ལ་	ལ་	ADP
ས་	གིས་	PART
འདས་པ་	འདས་པ་	VERB
འི་	གི་	PART
སེམས་ཅན་	སེམས་ཅན་	NOUN
འདི་	འདི་	DET
འི་	གི་	PART
། །		PUNCT
སེམས་	སེམས་	NOUN
ཀྱི་	གི་	PART
མདུད་པ་	མདུད་པ་	NOUN
མྱུར་	མྱུར་	VERB
དུ་	ལ་	PART
ཁྲོལ་	ཁྲོལ་	VERB
། །		PUNCT
གཏོར་མ་	གཏོར་མ་	NOUN
དོར་	དོར་	VERB
ལ་	ལ་	PART
བགེགས་བསྐྲད་པ་	བགེགས་བསྐྲད་པ་	NO_POS
ནི་	ནི་	NO_POS
།		PUNCT
ཧཱུྂ་		NON_WORD
།		PUNCT
ང་	ང་	PRON
ནི་	ནི་	NO_POS
པདྨ་	པདྨ་	NOUN
དབང་ཆེན་	དབང་ཆེན་	OTHER
ཏེ་	སྟེ་	PART
། །		PUNCT
ཐམས་ཅད་	ཐམས་ཅད་	DET
ང་	ང་	PRON
ཡི་	གིས་	PART
རང་དབང་	རང་དབང་	NOUN
བསྒྱུར་	བསྒྱུར་	VERB
། །		PUNCT
ང་	ང་	PRON
ཡི་	གི་	PART
བཀའ་	བཀའ་	NOUN
ལས་མ་	ལས་མ་	NO_POS
འགལ་བ་	འགལ་བ་	VERB
ར་	ལ་	PART
། །		PUNCT
རང་རང་	རང་རང་	NO_POS
གནས་	གནས་	NOUN
སུ་	ལ་	PART
བྱེར་བ་	བྱེར་བ་	VERB
ར་	ལ་	PART
གྱིས་	གིས་	PART
། །		PUNCT
རྟ་	རྟ་	NOUN
སྔགས་	སྔགས་	NOUN
དང་	དང་	NO_POS
སུམྦྷ་		NON_WORD
དྲག་	དྲག་	VERB
ཏུ་	ལ་	PART
བརྗོད་	བརྗོད་	VERB
།		PUNCT
གུ་གུལ་	གུ་གུལ་	NO_POS
དང་	དང་	NO_POS
ཡུངས་ཀར་	ཡུངས་ཀར་	NO_POS
གྱིས་	གིས་	PART
བསྐྲད་	བསྐྲད་	NO_POS
།		PUNCT
ཏིལ་	ཏིལ་	NOUN
དང་	དང་	NO_POS
མེ་	མེ་	NOUN
ཆུ་	ཆུ་	NOUN
བཤམས་	བཤམས་	NO_POS
ལ་	ལ་	PART
།		PUNCT
ཚེ་	ཚེ་	NOUN
ལ་	ལ་	ADP
ས་	གིས་	PART
འདས་པ་	འདས་པ་	VERB
འི་	གི་	PART
སྙིང་ག་	སྙིང་ག་	NOUN
ར་	ལ་	PART
ཐོག་མེད་	ཐོག་མེད་	PROPN
ན་	ནས་	PART
བསགས་པ་	བསགས་པ་	VERB
འི་	གི་	PART
སྡིག་སྒྲིབ་	སྡིག་སྒྲིབ་	NOUN
ཀཾ་		NON_WORD
ནག་པོ་	ནག་པོ་	ADJ
ལ་	ལ་	ADP
ས་	གིས་	PART
སྡིག་པ་	སྡིག་པ་	VERB
རྭ་ཅན་	རྭ་ཅན་	NO_POS
གྱི་	གི་	PART
རྣམ་པ་	རྣམ་པ་	NOUN
ར་	ལ་	PART
གནས་པ་	གནས་པ་	VERB
དེ་	སྟེ་	PART
།		PUNCT
ལྟེ་བ་	ལྟེ་བ་	NOUN
ན་	ནས་	PART
ཡེ་ཤེས་	ཡེ་ཤེས་	NOUN
ཀྱི་	གི་	PART
མེ་	མེ་	NOUN
འི་	གི་	PART
འོད་	འོད་	NOUN
ཀྱིས་	གིས་	PART
དེད་པ་	དེད་པ་	VERB
ས་	གིས་	PART
མདུན་	མདུན་	NOUN
གྱི་	གི་	PART
ཏིལ་	ཏིལ་	NOUN
ལ་	ལ་	PART
ཐིམ་པ་	ཐིམ་པ་	VERB
ར་	ལ་	PART
གྱུར་	གྱུར་	VERB
།		PUNCT
མེ་	མེ་	NOUN
ར་	ལ་	PART
སྲེག་	སྲེག་	NO_POS
ཅིང་	ཅིང་	PART
ཆུ་		
དོར་	དོར་	VERB
ལ་	ལ་	PART
།		PUNCT
ཨོཾ་	ཨོཾ་	X
སརྦ་	སརྦ་	NO_POS
པཱ་	པཱ་	NO_POS
པཾ་		NON_WORD
ད་	ད་	ADV
ཧ་	ཧ་	NOUN
ན་	ལ་	PART
བྷསྨི་		NON_WORD
ཀུ་རུ་	ཀུ་རུ་	NO_POS
སྭཱ་		NON_WORD
ཧཱ་		NON_WORD
།		PUNCT
ལན་	ལན་	NOUN
གསུམ་	གསུམ་	NUM
།		PUNCT
སྔགས་	སྔགས་	NOUN
བཏབ་པ་	བཏབ་པ་	VERB
འི་	གི་	PART
བྱེ་	བྱེ་	NOUN
ཡུངས་	ཡུངས་	NO_POS
ཀྱིས་	གིས་	PART
བྲབས་	བྲབས་	NO_POS
ལ་	ལ་	PART
ཡིག་	ཡིག་	NOUN
བཅུ་	བཅུ་	NUM
དང་	དང་	NO_POS
།		PUNCT
སྦྱོང་	སྦྱོང་	VERB
རྒྱུད་	རྒྱུད་	NOUN
ན་	ནས་	PART
གསུངས་པ་	གསུངས་པ་	VERB
འི་	གི་	PART
སྔགས་	སྔགས་	NOUN
གང་	གང་	NO_POS
ལྕོགས་	ལྕོགས་	NO_POS
དང་	དང་	NO_POS
།		PUNCT
ཀཾ་		NON_WORD
ཀ་	ཀ་	DET
ནི་	ནི་	NO_POS
དང་	དང་	NO_POS
ཡིག་བརྒྱ་	ཡིག་བརྒྱ་	NO_POS
བཟླ་	བཟླ་	NO_POS
།		PUNCT
དེ་ནས་	དེ་ནས་	NO_POS
རྟེན་	རྟེན་	NOUN
ལ་	ལ་	PART
ཁྲུས་གསོལ་བ་	ཁྲུས་གསོལ་བ་	OTHER
ནི་	ནི་	NO_POS
།		PUNCT
ཁྲུ་	ཁྲུ་	NOUN
ཀྱི་	གི་	PART
ཁང་པ་	ཁང་པ་	NOUN
ཤིན་ཏུ་	ཤིན་ཏུ་	NO_POS
དྲི་ཞིམ་པ་	དྲི་ཞིམ་པ་	NOUN
། །		PUNCT
ཤེལ་	ཤེལ་	NOUN
གྱི་	གི་	PART
ས་གཞི་	ས་གཞི་	NOUN
གསལ་	གསལ་	VERB
ཞིང་	ཅིང་	PART
འཚེར་བ་	འཚེར་བ་	VERB
བསྟར་	བསྟར་	NO_POS
། །		PUNCT
རིན་ཆེན་	རིན་ཆེན་	OTHER
འབར་བ་	འབར་བ་	VERB
འི་	གི་	PART
ཀ་བ་	ཀ་བ་	NOUN
ཡིད་འོང་	ཡིད་འོང་	ADJ
ལྡན་	ལྡན་	VERB
། །		PUNCT
མུ་ཏིག་	མུ་ཏིག་	NOUN
འོད་ཆགས་	འོད་ཆགས་	NO_POS
བླ་རེ་	བླ་རེ་	NOUN
ས་	གིས་	PART
བྲེས་པ་	བྲེས་པ་	VERB
དེ་	དེ་	DET
ར་	ལ་	PART
། །		PUNCT
ཇི་ལྟ་		
བལྟམས་པ་	བལྟམས་པ་	VERB
ཙམ་	ཙམ་	DET
གྱིས་	གིས་	PART
ནི་	ནི་	NO_POS
། །		PUNCT
ལྷ་	ལྷ་	NOUN
རྣམས་	རྣམས་	DET
ཀྱིས་	གིས་	PART
ནི་	ནི་	NO_POS
ཁྲུས་གསོལ་	ཁྲུས་གསོལ་	OTHER
ལྟ་	ལྟ་	OTHER
། །		PUNCT
ལྷ་	ལྷ་	NOUN
ཡི་	གི་	PART
ཆུ་	ཆུ་	NOUN
ནི་	ནི་	NO_POS
དག་པ་	དག་པ་	VERB
ཡི་	གིས་	PART
། །		PUNCT
དེ་བཞིན་	དེ་བཞིན་	OTHER
བདག་	བདག་	PRON
གིས་	གིས་	PART
སྐུ་	སྐུ་	NOUN
ཁྲུས་གསོལ་	ཁྲུས་གསོལ་	OTHER
། །		PUNCT
ཨོཾ་	ཨོཾ་	X
སརྦ་	སརྦ་	NO_POS
ཏ་	ཏ་	OTHER
ཐཱ་		NON_WORD
ག་	ག་	PRON
ཏ་	ཏ་	OTHER
ཨ་	ཨ་	X
བྷི་		NON_WORD
ཥེ་		NON_WORD
ཀ་	ཀ་	DET
ཏེ་	སྟེ་	PART
ས་	ས་	ADP
མ་	མ་	PART
ཡ་	ཡ་	NOUN
ཤྲི་		NON_WORD
ཡེ་	ཡེ་	ADV
ཧཱུྂ་		NON_WORD
།		PUNCT
རྒྱལ་བ་	རྒྱལ་བ་	NOUN
འི་	གི་	PART
སྐུ་གསུང་ཐུགས་	སྐུ་གསུང་ཐུགས་	NOUN
ལ་	ལ་	PART
ཉོན་མོངས་	ཉོན་མོངས་	NOUN
མི་	མི་	PART
མངའ་	མངའ་	VERB
ཡང་	ཀྱང་	PART
། །		PUNCT
དམིགས་ཡུལ་	དམིགས་ཡུལ་	NOUN
ལུས་ངག་	ལུས་ངག་	NOUN
ཡིད་	ཡིད་	NOUN
གསུམ་	གསུམ་	NUM
སྒྲིབ་པ་	སྒྲིབ་པ་	VERB
སྦྱང་	སྦྱང་	VERB
སླད་	སླད་	NOUN
དུ་	ལ་	PART
། །		PUNCT
རྒྱལ་བ་	རྒྱལ་བ་	NOUN
འི་	གི་	PART
སྐུ་གསུང་ཐུགས་	སྐུ་གསུང་ཐུགས་	NOUN
ལ་	ལ་	PART
ཁྲུ་	ཁྲུ་	NOUN
ཆབ་	ཆབ་	NOUN
འདི་	འདི་	DET
གསོལ་བ་	གསོལ་བ་	VERB
ས་	གིས་	PART
། །		PUNCT
དམིགས་ཡུལ་	དམིགས་ཡུལ་	NOUN
ལུས་ངག་	ལུས་ངག་	NOUN
ཡིད་	ཡིད་	NOUN
གསུམ་	གསུམ་	NUM
སྒྲིབ་པ་	སྒྲིབ་པ་	VERB
དག་	དག་	DET
གྱུར་ཅིག་	གྱུར་ཅིག་	NO_POS
།		PUNCT
ཨོཾ་	ཨོཾ་	X
སརྦ་	སརྦ་	NO_POS
ཏ་	ཏ་	OTHER
ཐཱ་		NON_WORD
སོགས་	སོགས་	DET
ཁྲུས་གསོལ་	ཁྲུས་གསོལ་	OTHER
།		PUNCT
དེ་དག་	དེ་དག་	OTHER
སྐུ་	སྐུ་	NOUN
ལ་	ལ་	PART
མཚུངས་པ་	མཚུངས་པ་	VERB
མེད་པ་	མེད་པ་	VERB
འི་	གི་	PART
གོ་	གོ་	NOUN
། །		PUNCT
གཙང་	གཙང་	PROPN
ལ་	ལ་	PART
དྲི་རབ་	དྲི་རབ་	NO_POS
བགོས་པ་	བགོས་པ་	NO_POS
ས་	གིས་	PART
སྐུ་	སྐུ་	NOUN
ཕྱི་	ཕྱི་	NOUN
འོ་	གོ་	PART
། །		PUNCT
ཨོཾ་	ཨོཾ་	X
ཧཱུྂ་		NON_WORD
ཏྲཱྃ་		NON_WORD
ཧྲཱིཿ་		NON_WORD
ཨཱཿ་		NON_WORD
ཀཱ་	ཀཱ་	NO_POS
ཡ་	ཡ་	NOUN
བི་	བི་	NO_POS
ཤོ་	ཤོ་	NOUN
དྷ་		NON_WORD
ནི་	ནི་	NO_POS
སྭཱ་		NON_WORD
ཧཱ་		NON_WORD
།		PUNCT
ཞེ་	ཅེས་	PART
སྐུ་	སྐུ་	NOUN
ཕྱི་	ཕྱི་	NOUN
།		PUNCT
དེ་ནས་	དེ་ནས་	NO_POS
དེ་	སྟེ་	PART
ལ་ཁ་	ལ་ཁ་	NOUN
དོག་	དོག་	NO_POS
ལེགས་	ལེགས་	VERB
བསྒྱུར་བ་	བསྒྱུར་བ་	VERB
འི་	གི་	PART
། །		PUNCT
ན་བཟའ་	ན་བཟའ་	NOUN
ཤིན་ཏུ་	ཤིན་ཏུ་	NO_POS
དྲི་ཞིམ་	དྲི་ཞིམ་	NOUN
དམ་པ་	དམ་པ་	VERB
འབུལ་	འབུལ་	NO_POS
། །		PUNCT
གོ་	གོ་	NOUN
བཟང་	བཟང་	VERB
སྲབ་	སྲབ་	NO_POS
ལ་འཇམ་པ་	ལ་འཇམ་པ་	NO_POS
སྣ་ཚོགས་	སྣ་ཚོགས་	DET
དང་	དང་	NO_POS
། །		PUNCT
རྒྱན་	རྒྱན་	NOUN
མཆོག་	མཆོག་	ADJ
བརྒྱ་	བརྒྱ་	NUM
ཕྲག་	ཕྲག་	NUM
དེ་	སྟེ་	PART
དང་	དང་	NO_POS
དེ་དག་	དེ་དག་	OTHER
གིས་	གིས་	PART
། །		PUNCT
འཕགས་པ་	འཕགས་པ་	VERB
ཀུན་	ཀུན་	DET
ཏུ་	ལ་	PART
བཟང་	བཟང་	VERB
དང་	དང་	NO_POS
འཇམ་དབྱངས་	འཇམ་དབྱངས་	PROPN
དང་	དང་	NO_POS
། །		PUNCT
འཇིག་རྟེན་	འཇིག་རྟེན་	NOUN
དབང་ཕྱུག་	དབང་ཕྱུག་	NOUN
སོགས་	སོགས་	DET
ལ་	ལ་	PART
བརྒྱན་པ་	བརྒྱན་པ་	VERB
ར་	ལ་	PART
བགྱི་	བགྱི་	VERB
། །		PUNCT
སྣ་ཚོགས་	སྣ་ཚོགས་	DET
དབང་པོ་	དབང་པོ་	NOUN
འི་	གི་	PART
གཞུ་	གཞུ་	NOUN
ལྟ་	ལྟ་	OTHER
རབ་	རབ་	ADV
བཀྲ་	བཀྲ་	NO_POS
ཞིང་	ཅིང་	PART
། །		PUNCT
གང་	གང་	NO_POS
ལ་	ལ་	PART
རེག་	རེག་	VERB
ན་	ལ་	PART
བདེ་བ་	བདེ་བ་	VERB
འི་	གི་	PART
རྒྱུ་	རྒྱུ་	NOUN
ར་	ལ་	PART
གྱུར་པ་	གྱུར་པ་	VERB
འི་	གི་	PART
། །		PUNCT
གོ་	གོ་	NOUN
བཟང་	བཟང་	VERB
རིན་ཆེན་	རིན་ཆེན་	OTHER
བདག་	བདག་	PRON
བློ་	བློ་	NOUN
སྦྱང་	སྦྱང་	VERB
ཕྱི་	ཕྱི་	OTHER
འབུལ་	འབུལ་	NO_POS
། །		PUNCT
བཟོད་པ་	བཟོད་པ་	VERB
དམ་པ་	དམ་པ་	VERB
འི་	གི་	PART
གོ་	གོ་	NOUN
ཀྱིས་	གིས་	PART
བརྒྱན་པ་	བརྒྱན་པ་	VERB
ར་	ལ་	PART
ཤོག་	ཤོག་	VERB
།		PUNCT
ཨོཾ་	ཨོཾ་	X
བཛྲ་	བཛྲ་	NO_POS
ཝསྟྲ་		NON_WORD
ཨཱཿ་		NON_WORD
ཧཱུྂ་		NON_WORD
།		PUNCT
ཞེ་	ཅེས་	PART
རྒྱན་	རྒྱན་	NOUN
དང་	དང་	NO_POS
ན་བཟའ་	ན་བཟའ་	NOUN
འཕུལ་	འཕུལ་	NO_POS
།		PUNCT
ཁྲུས་ཆུ་	ཁྲུས་ཆུ་	NO_POS
ལས་བུམ་	ལས་བུམ་	NO_POS
དུ་	ལ་	PART
བླུགས་པ་	བླུགས་པ་	VERB
ས་	གིས་	PART
དམིགས་རྟེན་	དམིགས་རྟེན་	NO_POS
བཀྲུ་	བཀྲུ་	NO_POS
ཞིང་	ཅིང་	PART
།		PUNCT
ཚེ་	ཚེ་	NOUN
ལ་	ལ་	ADP
ས་	གིས་	PART
འདས་པ་	འདས་པ་	VERB
རིགས་	རིགས་	NOUN
ཀྱི་	གི་	PART
བུ་	བུ་	NOUN
། །		PUNCT
ཉོན་	ཉོན་	VERB
དྲུག་	དྲུག་	NUM
རྒྱུ་ལ་	རྒྱུ་ལ་	NO_POS
ས་	གིས་	PART
ལོག་པ་	ལོག་པ་	VERB
འི་	གི་	PART
གནས་	གནས་	NOUN
། །		PUNCT
འདི་	འདི་	DET
ན་	ནས་	PART
སྟེང་འོག་	སྟེང་འོག་	NOUN
འཇིག་རྟེན་	འཇིག་རྟེན་	NOUN
ན་	ལ་	PART
། །		PUNCT
འགྲོ་	འགྲོ་	VERB
དྲུག་	དྲུག་	NUM
ཅེས་	ཅེས་	PART
བྱ་	བྱ་	VERB
འཇིགས་རུང་བ་	འཇིགས་རུང་བ་	NO_POS
འི་	གི་	PART
། །		PUNCT
སྡུག་བསྔལ་	སྡུག་བསྔལ་	NOUN
རྣམ་པ་	རྣམ་པ་	NOUN
སྣ་ཚོགས་པ་	སྣ་ཚོགས་པ་	DET
། །		PUNCT
མི་	མི་	PART
བཟད་	བཟད་	NOUN
ཁྱོད་	ཁྱོད་	PRON
ཀྱིས་	གིས་	PART
མྱོང་	མྱོང་	VERB
འགྱུར་	འགྱུར་	VERB
ཏེ་	སྟེ་	PART
། །		PUNCT
དེ་ལས་	དེ་ལས་	NO_POS
བསྒྲལ་བ་	བསྒྲལ་བ་	VERB
ར་	ལ་	PART
བྱ་བ་	བྱ་བ་	VERB
འི་	གི་	PART
ཕྱི་	ཕྱི་	OTHER
། །		PUNCT
ཕྱིན་	ཕྱིན་	VERB
དྲུག་	དྲུག་	NUM
ཆུ་བོ་	ཆུ་བོ་	NOUN
འདི་	འདི་	DET
ས་	གིས་	PART
བཀྲུའོ་		NON_WORD
། །		PUNCT
ཡི་གེ་	ཡི་གེ་	NOUN
བཅུ་པ་	བཅུ་པ་	NUM
དང་	དང་	NO_POS
།		PUNCT
ཚེ་	ཚེ་	NOUN
ལ་	ལ་	ADP
ས་	གིས་	PART
འདས་པ་	འདས་པ་	VERB
འི་	གི་	PART
སྡིག་སྒྲིབ་	སྡིག་སྒྲིབ་	NOUN
ཐམས་ཅད་	ཐམས་ཅད་	DET
ཤུདྡྷེ་		NON_WORD
ཤུདྡྷེ་		NON_WORD
སྭཱ་		NON_WORD
ཧཱ་		NON_WORD
།		PUNCT
ཞེས་་	ཞེས་པ་	PART
ཙམ་	ཙམ་	DET
མམ་	གམ་	PART
།		PUNCT
ཅུང་ཟད་	ཅུང་ཟད་	ADV
སྤྲོ་	སྤྲོ་	NO_POS
ན་	ལ་	PART
།		PUNCT
གཟུགས་	གཟུགས་	NOUN
ཀྱི་	གི་	PART
ཕུང་པོ་	ཕུང་པོ་	NOUN
རྣམ་དག་པ་	རྣམ་དག་པ་	ADJ
ས་	གིས་	PART
། །		PUNCT
ཉོན་མོངས་	ཉོན་མོངས་	NOUN
གཏི་མུག་	གཏི་མུག་	NOUN
སྦྱོང་བྱེད་པ་	སྦྱོང་བྱེད་པ་	OTHER
། །		PUNCT
མེ་ལོང་	མེ་ལོང་	NOUN
ལྟ་བུ་	ལྟ་བུ་	NOUN
འི་	གི་	PART
ཡེ་ཤེས་	ཡེ་ཤེས་	NOUN
ཀྱིས་	གིས་	PART
། །		PUNCT
དཔལ་ལྡན་	དཔལ་ལྡན་	ADJ
སྐུ་	སྐུ་	NOUN
ཡི་	གི་	PART
ཁྲུས་གསོལ་	ཁྲུས་གསོལ་	OTHER
ལོ་	གོ་	PART
། །		PUNCT
སྔགས་	སྔགས་	NOUN
བརྗོད་པ་	བརྗོད་པ་	VERB
འགྲེ་	འགྲེ་	NO_POS
།		PUNCT
རྣམ་ཤེས་	རྣམ་ཤེས་	NOUN
ཕུང་པོ་	ཕུང་པོ་	NOUN
རྣམ་དག་པ་	རྣམ་དག་པ་	ADJ
ས་	གིས་	PART
། །		PUNCT
ཉོན་མོངས་	ཉོན་མོངས་	NOUN
ཞེ་སྡང་	ཞེ་སྡང་	NOUN
སྦྱོང་བྱེད་པ་	སྦྱོང་བྱེད་པ་	OTHER
། །		PUNCT
ཆོ་	ཆོ་	NOUN
ཀྱི་	གི་	PART
དབྱིངས་	དབྱིངས་	NOUN
ཀྱི་	གི་	PART
ཡེ་ཤེས་	ཡེ་ཤེས་	NOUN
ཀྱིས་	གིས་	PART
། །		PUNCT
དཔལ་ལྡན་	དཔལ་ལྡན་	ADJ
ཐུགས་	ཐུགས་	NOUN
ཀྱི་	གི་	PART
ཁྲུས་གསོལ་	ཁྲུས་གསོལ་	OTHER
ལོ་	གོ་	PART
། །		PUNCT
ཚོར་བ་	ཚོར་བ་	VERB
འི་	གི་	PART
ཕུང་པོ་	ཕུང་པོ་	NOUN
རྣམ་དག་པ་	རྣམ་དག་པ་	ADJ
ས་	གིས་	PART
། །		PUNCT
ཉོན་མོངས་	ཉོན་མོངས་	NOUN
ང་རྒྱལ་	ང་རྒྱལ་	NOUN
སྦྱོང་བྱེད་པ་	སྦྱོང་བྱེད་པ་	OTHER
། །		PUNCT
མཉམ་པ་ཉིད་	མཉམ་པ་ཉིད་	NOUN
ཀྱི་	གི་	PART
ཡེ་ཤེས་	ཡེ་ཤེས་	NOUN
ཀྱིས་	གིས་	PART
། །		PUNCT
དཔལ་ལྡན་	དཔལ་ལྡན་	ADJ
ཡོན་ཏན་	ཡོན་ཏན་	NOUN
ཁྲུས་གསོལ་	ཁྲུས་གསོལ་	OTHER
ལོ་	གོ་	PART
། །		PUNCT
འདུ་ཤེས་	འདུ་ཤེས་	NOUN
ཕུང་པོ་	ཕུང་པོ་	NOUN
རྣམ་དག་པ་	རྣམ་དག་པ་	ADJ
ས་	གིས་	PART
། །		PUNCT
ཉོན་མོངས་	ཉོན་མོངས་	NOUN
འདོད་ཆགས་	འདོད་ཆགས་	NOUN
སྦྱོང་བྱེད་པ་	སྦྱོང་བྱེད་པ་	OTHER
། །		PUNCT
སོ་སོ་	སོ་སོ་	PRON
ར་	ལ་	PART
རྟོག་པ་	རྟོག་པ་	VERB
འི་	གི་	PART
ཡེ་ཤེས་	ཡེ་ཤེས་	NOUN
ཀྱིས་	གིས་	PART
། །		PUNCT
དཔལ་ལྡན་	དཔལ་ལྡན་	ADJ
གསུང་	གསུང་	VERB
གི་	གི་	PART
ཁྲུས་གསོལ་	ཁྲུས་གསོལ་	OTHER
ལོ་	གོ་	PART
། །		PUNCT
འདུ་བྱེད་	འདུ་བྱེད་	NOUN
ཕུང་པོ་	ཕུང་པོ་	NOUN
རྣམ་དག་པ་	རྣམ་དག་པ་	ADJ
ས་	གིས་	PART
། །		PUNCT
ཉོན་མོངས་	ཉོན་མོངས་	NOUN
ཕྲག་དོག་	ཕྲག་དོག་	NOUN
སྦྱོང་བྱེད་པ་	སྦྱོང་བྱེད་པ་	OTHER
། །		PUNCT
བྱ་བ་	བྱ་བ་	VERB
གྲུབ་པ་	གྲུབ་པ་	VERB
འི་	གི་	PART
ཡེ་ཤེས་	ཡེ་ཤེས་	NOUN
ཀྱིས་	གིས་	PART
། །		PUNCT
དཔལ་ལྡན་	དཔལ་ལྡན་	ADJ
ཕྲིན་ལས་	ཕྲིན་ལས་	NOUN
ཁྲུས་གསོལ་	ཁྲུས་གསོལ་	OTHER
ལོ་	གོ་	PART
། །		PUNCT
བུམ་ཆུ་	བུམ་ཆུ་	NOUN
ས་	གིས་	PART
རྟེན་	རྟེན་	NOUN
ལ་	ལ་	PART
བྱབ་	བྱབ་	NO_POS
ཅིང་	ཅིང་	PART
།		PUNCT
འདོད་ཆགས་	འདོད་ཆགས་	NOUN
ཞེ་སྡང་	ཞེ་སྡང་	NOUN
གཏི་མུག་	གཏི་མུག་	NOUN
གསུམ་	གསུམ་	NUM
། །		PUNCT
འདི་དག་	འདི་དག་	NO_POS
འཇིག་རྟེན་	འཇིག་རྟེན་	NOUN
དུག་	དུག་	NOUN
གསུམ་	གསུམ་	NUM
སྟེ་	སྟེ་	PART
། །		PUNCT
དཀོན་མཆོག་	དཀོན་མཆོག་	NOUN
གསུམ་པོ་	གསུམ་པོ་	NUM
དུག་	དུག་	NOUN
མི་	མི་	PART
མངའ་	མངའ་	VERB
། །		PUNCT
དཀོན་མཆོག་	དཀོན་མཆོག་	NOUN
བདེན་པ་	བདེན་པ་	VERB
ས་	གིས་	PART
དུག་	དུག་	NOUN
བཅོམ་	བཅོམ་	VERB
མོ་	གོ་	PART
། །		PUNCT
ཞེ་	ཅེས་	PART
དང་	དང་	NO_POS
།		PUNCT
འབྱུང་	འབྱུང་	VERB
བཞི་	བཞི་	NUM
དུག་	དུག་	NOUN
གི་	གི་	PART
ཕ་	ཕ་	NOUN
ཡིན་	ཡིན་	NO_POS
ཏེ་	སྟེ་	PART
། །		PUNCT
འབྱུང་	འབྱུང་	VERB
བཞི་	བཞི་	NUM
དུག་	དུག་	NOUN
གི་	གི་	PART
མ་	མ་	PART
ཡང་	ཀྱང་	PART
ཡིན་	ཡིན་	NO_POS
། །		PUNCT
བདེན་པ་	བདེན་པ་	VERB
འི་	གི་	PART
བདེན་ཚིག་	བདེན་ཚིག་	OTHER
འདི་དག་	འདི་དག་	NO_POS
གིས་	གིས་	PART
། །		PUNCT
དུག་	དུག་	NOUN
གསུམ་	གསུམ་	NUM
འབྱུང་	འབྱུང་	VERB
བཞི་	བཞི་	NUM
འི་	གི་	PART
ནང་	ནང་	NOUN
དུ་	ལ་	PART
སོང་	སོང་	VERB
། །		PUNCT
ཚེ་	ཚེ་	NOUN
ལ་	ལ་	ADP
ས་	གིས་	PART
འདས་པ་	འདས་པ་	VERB
འི་	གི་	PART
ཉོན་མོངས་པ་	ཉོན་མོངས་པ་	NOUN
དུག་	དུག་	NOUN
གསུམ་	གསུམ་	NUM
དཀོན་མཆོག་	དཀོན་མཆོག་	NOUN
གསུམ་	གསུམ་	NUM
གྱི་	གི་	PART
བདེན་པ་	བདེན་པ་	VERB
ས་	གིས་	PART
འབྱུང་བ་	འབྱུང་བ་	VERB
འི་	གི་	PART
བག་	བག་	NOUN
ལ་	ལ་	PART
ཞི་བ་	ཞི་བ་	VERB
ར་	ལ་	PART
གྱུར་ཅིག་	གྱུར་ཅིག་	NO_POS
།		PUNCT
འབྱུང་བ་	འབྱུང་བ་	VERB
འི་	གི་	PART
ངང་	ངང་	NOUN
དུ་	ལ་	PART
ཐིམ་པ་	ཐིམ་པ་	VERB
ར་	ལ་	PART
གྱུར་ཅིག་	གྱུར་ཅིག་	NO_POS
།		PUNCT
མེ་ཏོག་	མེ་ཏོག་	NOUN
འཐོར་	འཐོར་	VERB
ཞིང་	ཅིང་	PART
།		PUNCT
སངས་རྒྱས་	སངས་རྒྱས་	NOUN
བསོད་ནམས་	བསོད་ནམས་	NOUN
མཐུ་	མཐུ་	NOUN
དག་	དག་	DET
དང་	དང་	NO_POS
། །		PUNCT
ལྷ་	ལྷ་	NOUN
རྣམས་	རྣམས་	DET
ཀུན་	ཀུན་	DET
གྱི་	གི་	PART
བསམ་པ་	བསམ་པ་	VERB
ཡི་	གིས་	PART
། །		PUNCT
ཁྱོད་	ཁྱོད་	PRON
ཀྱི་	གི་	PART
འདོད་དོན་	འདོད་དོན་	NOUN
གང་ཡིན་པ་	གང་ཡིན་པ་	NO_POS
། །		PUNCT
དོན་	དོན་	NOUN
དེ་དེ་	དེ་དེ་	NO_POS
རིང་	རིང་	NOUN
འགྲུབ་	འགྲུབ་	VERB
གྱུར་ཅིག་	གྱུར་ཅིག་	NO_POS
།		PUNCT
རྐང་	རྐང་	NOUN
གཉིས་	གཉིས་	NUM
ཁྱེད་ཅག་	ཁྱེད་ཅག་	PRON
བདེ་ལེགས་	བདེ་ལེགས་	NOUN
ཤོག་	ཤོག་	VERB
།		PUNCT
རྐང་བཞི་	རྐང་བཞི་	NO_POS
ཁྱེད་ཅག་	ཁྱེད་ཅག་	PRON
བདེ་ལེགས་	བདེ་ལེགས་	NOUN
ཤོག་	ཤོག་	VERB
།		PUNCT
ཁྱེད་ཅག་	ཁྱེད་ཅག་	PRON
ལམ་འགྲོ་	ལམ་འགྲོ་	NO_POS
བདེ་ལེགས་	བདེ་ལེགས་	NOUN
ཤོག་	ཤོག་	VERB
།		PUNCT
ཕྱི་	ཕྱི་	OTHER
འོང་	འོང་	VERB
དག་	དག་	DET
ཀྱང་	ཀྱང་	PART
བདེ་ལེགས་	བདེ་ལེགས་	NOUN
ཤོག་	ཤོག་	VERB
།		PUNCT
ཉིན་	ཉིན་	NOUN
མོ་	གོ་	PART
བདེ་ལེགས་	བདེ་ལེགས་	NOUN
མཚན་	མཚན་	NOUN
བདེ་ལེགས་	བདེ་ལེགས་	NOUN
། །		PUNCT
ཉི་མ་	ཉི་མ་	NOUN
འི་	གི་	PART
གུང་	གུང་	ADV
ཡང་	ཀྱང་	PART
བདེ་ལེགས་	བདེ་ལེགས་	NOUN
ཤིང་	ཅིང་	PART
། །		PUNCT
ཉིན་མཚན་	ཉིན་མཚན་	ADV
ཀུན་	ཀུན་	DET
ཏུ་	ལ་	PART
བདེ་ལེགས་	བདེ་ལེགས་	NOUN
ཤོག་	ཤོག་	VERB
།		PUNCT
ཁྱེད་ཅག་	ཁྱེད་ཅག་	PRON
སྡིག་པ་	སྡིག་པ་	VERB
ར་	ལ་	PART
མ་	མ་	PART
གྱུར་ཅིག་	གྱུར་ཅིག་	NO_POS
།		PUNCT
ཚེ་	ཚེ་	NOUN
ལ་	ལ་	ADP
ས་	གིས་	PART
འདས་པ་	འདས་པ་	VERB
མི་མཐུན་པ་	མི་མཐུན་པ་	NO_POS
འི་	གི་	PART
ཕྱོགས་	ཕྱོགས་	NOUN
ཐམས་ཅད་	ཐམས་ཅད་	DET
ལ་	ལ་	ADP
ས་	གིས་	PART
རྒྱལ་བ་	རྒྱལ་བ་	NOUN
ར་	ལ་	PART
གྱུར་ཅིག་	གྱུར་ཅིག་	NO_POS
།		PUNCT
དེ་ནས་	དེ་ནས་	NO_POS
།		PUNCT
གཙོ་བོ་	གཙོ་བོ་	ADJ
རྒྱལ་བ་	རྒྱལ་བ་	NOUN
འགྲོ་བ་	འགྲོ་བ་	VERB
འི་	གི་	PART
མགོན་	མགོན་	NOUN
། །		PUNCT
འགྲོ་བ་	འགྲོ་བ་	VERB
སྐྱོབ་པ་	སྐྱོབ་པ་	VERB
འི་	གི་	PART
དོན་	དོན་	NOUN
བརྩོན་པ་	བརྩོན་པ་	VERB
། །		PUNCT
སྟོབས་ཆེན་	སྟོབས་ཆེན་	OTHER
འཇིགས་པ་	འཇིགས་པ་	VERB
ཀུན་	ཀུན་	DET
སེལ་བ་	སེལ་བ་	VERB
ར་	ལ་	PART
། །		PUNCT
དེ་རིང་	དེ་རིང་	ADV
ཉིད་	ཉིད་	DET
ན་	ནས་	PART
སྐྱབས་	སྐྱབས་	NOUN
སུ་	ལ་	PART
མཆི་	མཆི་	NO_POS
། །		PUNCT
དེ་	སྟེ་	PART
ཡི་	གི་	PART
ཐུགས་	ཐུགས་	NOUN
སུ་	ལ་	PART
ཆུད་པ་	ཆུད་པ་	VERB
འི་	གི་	PART
ཆོ་	ཆོ་	NOUN
། །		PUNCT
འཁོར་བ་	འཁོར་བ་	NOUN
འི་	གི་	PART
འཇིགས་པ་	འཇིགས་པ་	VERB
སེལ་བ་	སེལ་བ་	VERB
དང་	དང་	NO_POS
། །		PUNCT
བྱང་ཆུབ་	བྱང་ཆུབ་	NOUN
སེམས་དཔ་	སེམས་དཔའ་	NOUN
འི་	གི་	PART
ཚོགས་	ཚོགས་	NOUN
ལ་	ལ་	PART
ཡང་	ཀྱང་	PART
། །		PUNCT
དེ་བཞིན་	དེ་བཞིན་	OTHER
ཡང་དག་	ཡང་དག་	ADJ
སྐྱབས་	སྐྱབས་	NOUN
སུ་	ལ་	PART
མཆི་	མཆི་	NO_POS
། །		PUNCT
དམིགས་ཡུལ་	དམིགས་ཡུལ་	NOUN
འཇིགས་པ་	འཇིགས་པ་	VERB
ས་	གིས་	PART
རྣམ་	རྣམ་	NOUN
སྐྲག་	སྐྲག་	VERB
སྟེ་	སྟེ་	PART
། །		PUNCT
ཀུན་	ཀུན་	DET
ཏུ་	ལ་	PART
བཟང་	བཟང་	VERB
ལ་	ལ་	PART
དམིགས་ཡུལ་	དམིགས་ཡུལ་	NOUN
འབུལ་	འབུལ་	NO_POS
། །		PUNCT
འཇམ་པ་	འཇམ་པ་	VERB
འི་	གི་	PART
དབྱངས་	དབྱངས་	NOUN
ལ་	ལ་	PART
བདག་ཉིད་	བདག་ཉིད་	NOUN
ཀྱིས་	གིས་	PART
། །		PUNCT
དམིགས་ཡུལ་	དམིགས་ཡུལ་	NOUN
ལུས་	ལུས་	NOUN
འདི་	འདི་	DET
འབུལ་བ་	འབུལ་བ་	VERB
ར་	ལ་	PART
བགྱི་	བགྱི་	VERB
། །		PUNCT
ཐུགས་རྗེ་	ཐུགས་རྗེ་	NOUN
འི་	གི་	PART
སྤྱོད་པ་	སྤྱོད་པ་	VERB
མ་འཁྲུལ་བ་	མ་འཁྲུལ་བ་	NO_POS
འི་	གི་	PART
། །		PUNCT
སྤྱན་རས་	སྤྱན་རས་	NO_POS
གཟིགས་	གཟིགས་	VERB
མགོན་	མགོན་	NOUN
དེ་	སྟེ་	PART
ལ་	ལ་	PART
ཡང་	ཀྱང་	PART
། །		PUNCT
ཉམ་ཐག་	ཉམ་ཐག་	NOUN
ང་རོ་	ང་རོ་	NOUN
ས་	གིས་	PART
འོ་དོད་	འོ་དོད་	INTJ
འབོད་	འབོད་	VERB
། །		PUNCT
སྡིག་	སྡིག་	NOUN
ལྡན་	ལྡན་	VERB
འདི་	འདི་	DET
ལ་	ལ་	PART
བསྐྱབ་	བསྐྱབ་	NO_POS
ཏུ་	ལ་	PART
གསོལ་	གསོལ་	VERB
། །		PUNCT
འཕགས་པ་	འཕགས་པ་	VERB
ནམ་མཁ་	ནམ་མཁའ་	NOUN
འི་	གི་	PART
སྙིང་པོ་	སྙིང་པོ་	NOUN
དང་	དང་	NO_POS
། །		PUNCT
ས་	ས་	ADP
ཡི་	གི་	PART
སྙིང་པོ་	སྙིང་པོ་	NOUN
དག་	དག་	DET
དང་	དང་	NO_POS
ནི་	ནི་	NO_POS
། །		PUNCT
ཐུགས་རྗེ་	ཐུགས་རྗེ་	NOUN
ཆེ་	ཆེ་	VERB
མགོན་	མགོན་	NOUN
ཐམས་ཅད་	ཐམས་ཅད་	DET
ལ་	ལ་	PART
། །		PUNCT
སྐྱབས་	སྐྱབས་	NOUN
གསོལ་	གསོལ་	VERB
སྙིང་	སྙིང་	NOUN
ན་	ནས་	PART
འོ་དོད་	འོ་དོད་	INTJ
འབོད་	འབོད་	VERB
། །		PUNCT
གང་ཞིག་	གང་ཞིག་	NO_POS
མཐོང་	མཐོང་	VERB
ན་	ལ་	PART
གཤིན་རྗེ་	གཤིན་རྗེ་	OTHER
ཡི་	གི་	PART
། །		PUNCT
ཕོ་ཉ་	ཕོ་ཉ་	NOUN
ལ་སོགས་	ལ་སོགས་	NO_POS
འཇིགས་པ་	འཇིགས་པ་	VERB
རྣམས་	རྣམས་	DET
། །		PUNCT
སྐྲག་	སྐྲག་	VERB
ན་	ནས་	PART
ཕྱོགས་	ཕྱོགས་	NOUN
བཅུ་		
འབྱེར་		NON_WORD
བྱེད་པ་	བྱེད་པ་	VERB
། །		PUNCT
རྡོ་རྗེ་	རྡོ་རྗེ་	NOUN
ཅན་	ཅན་	PART
ལ་	ལ་	PART
སྐྱབས་	སྐྱབས་	NOUN
སུ་	ལ་	PART
མཆི་	མཆི་	NO_POS
། །		PUNCT
སྔོན་ཆད་	སྔོན་ཆད་	ADV
ཁྱོད་	ཁྱོད་	PRON
ཀྱི་	གི་	PART
བཀའ་	བཀའ་	NOUN
ལ་	ལ་	ADP
ས་	གིས་	PART
འདའ་	འདའ་	VERB
། །		PUNCT
ད་ནི་	ད་ནི་	NO_POS
འཇིགས་པ་	འཇིགས་པ་	VERB
ཆེ་	ཆེ་	VERB
མཐོང་	མཐོང་	VERB
ན་	ནས་	PART
། །		PUNCT
ཁྱོད་	ཁྱོད་	PRON
ལ་	ལ་	PART
སྐྱབས་	སྐྱབས་	NOUN
སུ་	ལ་	PART
མཆི་	མཆི་	NO_POS
ལགས་	ལགས་	AUX
ཀྱི་	གི་	PART
། །		PUNCT
འཇིགས་	འཇིགས་	VERB
ལ་	ལ་	ADP
ས་	གིས་	PART
མྱུར་	མྱུར་	VERB
དུ་	ལ་	PART
བསྐྱབ་	བསྐྱབ་	NO_POS
ཏུ་	ལ་	PART
གསོལ་	གསོལ་	VERB
། །		PUNCT
ཞེ་	ཅེས་	PART
ཕྱག་	ཕྱག་	NOUN
བྱ་	བྱ་	VERB
།		PUNCT
དེ་ནས་	དེ་ནས་	NO_POS
དབང་	དབང་	NOUN
བསྐུར་བ་	བསྐུར་བ་	VERB
ནི་	ནི་	NO_POS
ལྷ་	ལྷ་	NOUN
དགུ་	དགུ་	NUM
ཡིན་	ཡིན་	NO_POS
ན་	ལ་	PART
དབང་	དབང་	NOUN
བསྐུར་	བསྐུར་	NO_POS
ཡོངས་རྫོགས་	ཡོངས་རྫོགས་	OTHER
སམ་	གམ་	PART
།		PUNCT
དབང་	དབང་	NOUN
བཞི་པ་	བཞི་པ་	ADJ
ཡན་ཆད་	ཡན་ཆད་	ADV
དམ་	གམ་	PART
།		PUNCT
རིག་པ་	རིག་པ་	VERB
འི་	གི་	PART
དབང་	དབང་	NOUN
ལྔ་	ལྔ་	NUM
ཡན་ཆད་	ཡན་ཆད་	ADV
ཚང་བ་	ཚང་བ་	VERB
ར་	ལ་	PART
བསྐུར་	བསྐུར་	NO_POS
།		PUNCT
ལྷ་	ལྷ་	NOUN
ལྔ་	ལྔ་	NUM
ལ་	ལ་	ADP
འང་	ཀྱང་	PART
དེ་ལྟ་	དེ་ལྟ་	NO_POS
བྱ་	བྱ་	VERB
ཀྱང་	ཀྱང་	PART
རུང་	རུང་	SCONJ
མོད་	མོད་	VERB
།		PUNCT
འདི་	འདི་	DET
ར་	ལ་	PART
བསྡུས་པ་	བསྡུས་པ་	VERB
ལ་	ལ་	PART
དགའ་བ་	དགའ་བ་	VERB
ས་	གིས་	PART
།		PUNCT
ཁྲུ་	ཁྲུ་	NOUN
།		PUNCT
མཎྜལ་		NON_WORD
།		PUNCT
པདྨ་	པདྨ་	NOUN
དབང་	དབང་	NOUN
གི་	གི་	PART
དཀྱིལ་འཁོར་	དཀྱིལ་འཁོར་	NOUN
དུ་	ལ་	PART
། །		PUNCT
མགོན་པོ་	མགོན་པོ་	NOUN
གཟི་བརྗིད་	གཟི་བརྗིད་	NOUN
འོད་	འོད་	NOUN
དཔག་མེད་	དཔག་མེད་	ADJ
། །		PUNCT
རྒྱལ་སྲས་	རྒྱལ་སྲས་	NOUN
ཚོགས་	ཚོགས་	NOUN
དང་	དང་	NO_POS
བཅས་པ་	བཅས་པ་	VERB
ལ་	ལ་	PART
། །		PUNCT
དབང་	དབང་	NOUN
བསྐུར་	བསྐུར་	NO_POS
ཡོངས་སུ་	ཡོངས་སུ་	NO_POS
རྫོགས་པ་	རྫོགས་པ་	VERB
ལྟ་	ལྟ་	OTHER
། །		PUNCT
དེ་བཞིན་	དེ་བཞིན་	OTHER
བླ་མ་	བླ་མ་	NOUN
ཁྱེད་	ཁྱེད་	PRON
ཀྱིས་	གིས་	PART
ཀྱང་	ཀྱང་	PART
། །		PUNCT
བདག་	བདག་	PRON
ལ་	ལ་	PART
དབང་	དབང་	NOUN
བསྐུར་	བསྐུར་	NO_POS
མཛད་	མཛད་	VERB
དུ་	ལ་	PART
གསོལ་	གསོལ་	VERB
།		PUNCT
ལན་	ལན་	NOUN
གསུམ་	གསུམ་	NUM
།		PUNCT
སྤྲོ་	སྤྲོ་	NO_POS
ན་	ལ་	PART
།		PUNCT
ཕྱོགས་	ཕྱོགས་	NOUN
བཅུ་	བཅུ་	NUM
དུས་གསུམ་	དུས་གསུམ་	OTHER
སོགས་	སོགས་	DET
ན་	ནས་	PART
།		PUNCT
ཟབ་	ཟབ་	VERB
ཅིང་	ཅིང་	PART
རྒྱ་	རྒྱ་	NOUN
ཆེ་	ཆེ་	VERB
བསྟན་	བསྟན་	VERB
དུ་	ལ་	PART
གསོལ་	གསོལ་	VERB
། །		PUNCT
བ་	བ་	NOUN
གཞུང་	གཞུང་	NOUN
ལྟ་	ལྟ་	OTHER
ལ་	ལ་	PART
།		PUNCT
བསྡུ་	བསྡུ་	VERB
ན་	ལ་	PART
།		PUNCT
དཀོན་མཆོག་	དཀོན་མཆོག་	NOUN
གསུམ་	གསུམ་	NUM
ལ་	ལ་	PART
བདག་	བདག་	PRON
སྐྱབས་	སྐྱབས་	NOUN
མཆི་	མཆི་	NO_POS
། །		PUNCT
སྡིག་པ་	སྡིག་པ་	VERB
མི་དགེ་	མི་དགེ་	NOUN
སོ་སོ་	སོ་སོ་	PRON
ར་	ལ་	PART
བཤགས་	བཤགས་	NO_POS
། །		PUNCT
འགྲོ་བ་	འགྲོ་བ་	VERB
འི་	གི་	PART
དགེ་	དགེ་	NOUN
ལ་	ལ་	PART
རྗེས་	རྗེས་	NOUN
ཡི་	གི་	PART
རང་	རང་	PRON
། །		PUNCT
སངས་རྒྱས་	སངས་རྒྱས་	NOUN
བྱང་ཆུབ་	བྱང་ཆུབ་	NOUN
ཡིད་	ཡིད་	NOUN
ཀྱིས་	གིས་	PART
བཟུང་	བཟུང་	NO_POS
། །		PUNCT
སངས་རྒྱས་	སངས་རྒྱས་	NOUN
ཆོ་	ཆོ་	NOUN
དང་	དང་	NO_POS
ཚོགས་	ཚོགས་	NOUN
མཆོག་	མཆོག་	ADJ
ལ་	ལ་	PART
། །		PUNCT
བྱང་ཆུབ་	བྱང་ཆུབ་	NOUN
བ་	བ་	NOUN
དུ་	ལ་	PART
སྐྱབས་	སྐྱབས་	NOUN
སུ་	ལ་	PART
མཆི་	མཆི་	NO_POS
། །		PUNCT
རང་གཞན་	རང་གཞན་	NOUN
དོན་	དོན་	NOUN
ནི་	ནི་	NO_POS
རབ་	རབ་	ADV
སྒྲུབ་	སྒྲུབ་	VERB
ཕྱི་	ཕྱི་	OTHER
། །		PUNCT
བྱང་ཆུབ་	བྱང་ཆུབ་	NOUN
སེམས་	སེམས་	NOUN
ནི་	ནི་	NO_POS
བསྐྱེད་པ་	བསྐྱེད་པ་	VERB
ར་	ལ་	PART
བགྱི་	བགྱི་	VERB
། །		PUNCT
བྱང་ཆུབ་	བྱང་ཆུབ་	NOUN
མཆོག་	མཆོག་	ADJ
གི་	གི་	PART
སེམས་	སེམས་	NOUN
ནི་	ནི་	NO_POS
བསྐྱེད་	བསྐྱེད་	VERB
བགྱི་	བགྱི་	VERB
ན་	ནས་	PART
། །		PUNCT
སེམས་ཅན་	སེམས་ཅན་	NOUN
ཐམས་ཅད་	ཐམས་ཅད་	DET
བདག་	བདག་	PRON
གིས་	གིས་	PART
མགྲོན་	མགྲོན་	NOUN
དུ་	ལ་	PART
གཉེར་	གཉེར་	VERB
། །		PUNCT
བྱང་ཆུབ་	བྱང་ཆུབ་	NOUN
སྤྱོད་	སྤྱོད་	VERB
མཆོག་	མཆོག་	ADJ
ཡིད་འོང་	ཡིད་འོང་	ADJ
སྤྱད་པ་	སྤྱད་པ་	VERB
ར་	ལ་	PART
བགྱི་	བགྱི་	VERB
། །		PUNCT
འགྲོ་	འགྲོ་	VERB
ལ་	ལ་	PART
ཕན་	ཕན་	NOUN
ཕྱི་	ཕྱི་	OTHER
སངས་རྒྱས་	སངས་རྒྱས་	NOUN
འགྲུབ་པ་	འགྲུབ་པ་	VERB
ར་	ལ་	PART
ཤོག་	ཤོག་	VERB
།		PUNCT
ཅེས་	ཅེས་	PART
བརྗོད་	བརྗོད་	VERB
།		PUNCT
ཁྱེད་	ཁྱེད་	PRON
རང་རྒྱལ་	རང་རྒྱལ་	NOUN
བ་རྒྱ་	བ་རྒྱ་	NO_POS
མཚོ་	མཚོ་	NOUN
འི་	གི་	PART
སྐུ་	སྐུ་	NOUN
གསལ་བ་	གསལ་བ་	VERB
འི་	གི་	PART
། །		PUNCT
ལྟེ་བ་	ལྟེ་བ་	NOUN
ར་	ལ་	PART
པད་	པད་	NO_POS
སྟེང་	སྟེང་	NOUN
གཡུང་དྲུང་	གཡུང་དྲུང་	OTHER
གཡོན་	གཡོན་	NOUN
དུ་	ལ་	PART
འཁྱིལ་	འཁྱིལ་	NO_POS
། །		PUNCT
ཧྲཱིཿ་		NON_WORD
ལ་	ལ་	PART
སྔགས་	སྔགས་	NOUN
ཀྱིས་	གིས་	PART
བསྐོར་བ་	བསྐོར་བ་	VERB
འི་	གི་	PART
འོད་ཟེར་	འོད་ཟེར་	NOUN
གྱིས་	གིས་	PART
། །		PUNCT
སངས་རྒྱས་	སངས་རྒྱས་	NOUN
བྱང་སེམས་	བྱང་སེམས་	NOUN
དཀྱིལ་འཁོར་	དཀྱིལ་འཁོར་	NOUN
ལྷ་ཚོགས་	ལྷ་ཚོགས་	NOUN
རྣམས་	རྣམས་	DET
། །		PUNCT
ཆ་	ཆ་	NOUN
ར་	ལ་	PART
ལྟ་	ལྟ་	OTHER
བབ་	བབ་	VERB
བྱོན་	བྱོན་	VERB
ལུས་ངག་	ལུས་ངག་	NOUN
ཡིད་	ཡིད་	NOUN
ལ་	ལ་	PART
ཐིམ་	ཐིམ་	NO_POS
། །		PUNCT
ལུས་སེམས་	ལུས་སེམས་	NOUN
བདེ་བ་	བདེ་བ་	VERB
ཆེན་པོ་	ཆེན་པོ་	ADJ
ས་	གིས་	PART
ཁྱབ་པ་	ཁྱབ་པ་	VERB
ར་	ལ་	PART
གྱུར་	གྱུར་	VERB
། །		PUNCT
སྔགས་	སྔགས་	NOUN
ཤམ་	ཤམ་	NO_POS
དུ་	ལ་	PART
།		PUNCT
ཨ་	ཨ་	X
བེ་	བེ་	NO_POS
ཤ་	ཤ་	NOUN
ཡ་	ཡ་	NOUN
ཨ་	ཨ་	X
བེ་	བེ་	NO_POS
ཤ་	ཤ་	NOUN
ཡ་	ཡ་	NOUN
ཨཱཿ་		NON_WORD
ཨཱཿ་		NON_WORD
ཞེ་	ཅེས་	PART
བཏགས་པ་	བཏགས་པ་	VERB
བཟླ་	བཟླ་	NO_POS
།		PUNCT
སྤྱི་བོ་	སྤྱི་བོ་	NOUN
ར་	ལ་	PART
རྡོ་རྗེ་	རྡོ་རྗེ་	NOUN
བཞག་	བཞག་	VERB
ལ་	ལ་	PART
།		PUNCT
ཏིཥྛ་		NON_WORD
བཛྲ་	བཛྲ་	NO_POS
།		PUNCT
མདུན་	མདུན་	NOUN
གྱི་	གི་	PART
ནམ་མཁ་	ནམ་མཁའ་	NOUN
ར་	ལ་	PART
ཡེ་ཤེས་	ཡེ་ཤེས་	NOUN
ཀྱི་	གི་	PART
དཀྱིལ་འཁོར་	དཀྱིལ་འཁོར་	NOUN
གསལ་བ་	གསལ་བ་	VERB
དང་	དང་	NO_POS
ཕྱོགས་	ཕྱོགས་	NOUN
བཅུ་	བཅུ་	NUM
འི་	གི་	PART
སངས་རྒྱས་	སངས་རྒྱས་	NOUN
ཐམས་ཅད་	ཐམས་ཅད་	DET
དང་	དང་	NO_POS
།		PUNCT
མཁའ་འགྲོ་	མཁའ་འགྲོ་	NOUN
མ་	མ་	PART
འི་	གི་	PART
ཚོགས་	ཚོགས་	NOUN
རིན་པོ་ཆེ་	རིན་པོ་ཆེ་	ADJ
འི་	གི་	PART
བུམ་པ་	བུམ་པ་	NOUN
ཐོགས་པ་	ཐོགས་པ་	VERB
རྣམས་	རྣམས་	DET
ཀྱིས་	གིས་	PART
དབང་	དབང་	NOUN
བསྐུར་བ་	བསྐུར་བ་	VERB
ར་	ལ་	PART
འགྱུར་	འགྱུར་	VERB
། །		PUNCT
བུམ་པ་	བུམ་པ་	NOUN
ས་	གིས་	PART
དབང་	དབང་	NOUN
བསྐུར་	བསྐུར་	NO_POS
ལ་	ལ་	PART
།		PUNCT
སྤྱན་རས་	སྤྱན་རས་	NO_POS
གཟིགས་	གཟིགས་	VERB
དབང་	དབང་	NOUN
འཇིག་རྟེན་	འཇིག་རྟེན་	NOUN
གསུམ་	གསུམ་	NUM
གྱི་	གི་	PART
མགོན་	མགོན་	NOUN
། །		PUNCT
སངས་རྒྱས་	སངས་རྒྱས་	NOUN
རྣམས་	རྣམས་	DET
ཀྱི་	གི་	PART
བུམ་པ་	བུམ་པ་	NOUN
འི་	གི་	PART
དབང་	དབང་	NOUN
། །		PUNCT
དེང་	དེང་	ADV
འདི་	འདི་	DET
ར་	ལ་	PART
ཁྱོད་	ཁྱོད་	PRON
ལ་	ལ་	PART
བསྐུར་བ་	བསྐུར་བ་	VERB
ར་	ལ་	PART
བྱ་	བྱ་	VERB
། །		PUNCT
ཆོས་དབྱིངས་	ཆོས་དབྱིངས་	NOUN
ཡེ་ཤེས་	ཡེ་ཤེས་	NOUN
དབང་	དབང་	NOUN
འདི་	འདི་	DET
ཁྱོད་	ཁྱོད་	PRON
ཀྱིས་	གིས་	PART
ལོངས་	ལོངས་	VERB
། །		PUNCT
ཡིག་	ཡིག་	NOUN
བཅུ་	བཅུ་	NUM
འི་	གི་	PART
ཤམ་	ཤམ་	NO_POS
དུ་	ལ་	PART
།		PUNCT
ཨོཾ་	ཨོཾ་	X
བུདྡྷ་		NON_WORD
ཨ་	ཨ་	X
བྷི་		NON_WORD
ཥིཉྩ་		NON_WORD
ཨོཾ་	ཨོཾ་	X
།		PUNCT
ཇི་ལྟ་		
བལྟམས་པ་	བལྟམས་པ་	VERB
ཙམ་	ཙམ་	DET
གྱིས་	གིས་	PART
ནི་	ནི་	NO_POS
། །		PUNCT
ལྷ་	ལྷ་	NOUN
རྣམས་	རྣམས་	DET
ཀྱིས་	གིས་	PART
ནི་	ནི་	NO_POS
ཁྲུས་གསོལ་	ཁྲུས་གསོལ་	OTHER
ལྟ་	ལྟ་	OTHER
། །		PUNCT
ལྷ་	ལྷ་	NOUN
ཡི་	གི་	PART
ཆུ་	ཆུ་	NOUN
ནི་	ནི་	NO_POS
དག་པ་	དག་པ་	VERB
ཡི་	གིས་	PART
། །		PUNCT
དེ་བཞིན་	དེ་བཞིན་	OTHER
བདག་	བདག་	PRON
གིས་	གིས་	PART
དབང་	དབང་	NOUN
བསྐུར་	བསྐུར་	NO_POS
རོ་	རོ་	NOUN
། །		PUNCT
ཨོཾ་	ཨོཾ་	X
སརྦ་	སརྦ་	NO_POS
ཏ་	ཏ་	OTHER
ཐཱ་		NON_WORD
ག་	ག་	PRON
ཏ་	ཏ་	OTHER
ཨ་	ཨ་	X
བྷི་		NON_WORD
ཥེ་		NON_WORD
ཀ་	ཀ་	DET
ཏེ་	སྟེ་	PART
ས་	ས་	ADP
མ་	མ་	PART
ཡེ་	ཡེ་	ADV
ཤྲཱི་		NON_WORD
ཧཱུཾ་		NON_WORD
།		PUNCT
དེ་ལྟ་	དེ་ལྟ་	NO_POS
དབང་	དབང་	NOUN
བསྐུར་བ་	བསྐུར་བ་	VERB
ས་	གིས་	PART
ཉོན་མོངས་པ་	ཉོན་མོངས་པ་	NOUN
ལྔ་	ལྔ་	NUM
དག་	དག་	DET
ཕུང་པོ་	ཕུང་པོ་	NOUN
ལྔ་	ལྔ་	NUM
གནས་	གནས་	NOUN
གྱུར་	གྱུར་	VERB
།		PUNCT
འོད་	འོད་	NOUN
དཔག་མེད་	དཔག་མེད་	ADJ
གཙོ་བོ་	གཙོ་བོ་	ADJ
ར་	ལ་	PART
གྱུར་པ་	གྱུར་པ་	VERB
འི་	གི་	PART
རིགས་	རིགས་	NOUN
ལྔ་	ལྔ་	NUM
ས་	གིས་	PART
དབུ་	དབུ་	NOUN
བརྒྱན་པ་	བརྒྱན་པ་	VERB
ར་	ལ་	PART
གྱུར་	གྱུར་	VERB
།		PUNCT
ཐོད་པ་	ཐོད་པ་	NOUN
འི་	གི་	PART
བདུད་རྩི་	བདུད་རྩི་	NOUN
སྦྱིན་	སྦྱིན་	VERB
ལ་	ལ་	PART
།		PUNCT
སངས་རྒྱས་	སངས་རྒྱས་	NOUN
རྣམས་	རྣམས་	DET
ཀྱི་	གི་	PART
ཐོད་པ་	ཐོད་པ་	NOUN
འི་	གི་	PART
དབང་	དབང་	NOUN
། །		PUNCT
སངས་རྒྱས་	སངས་རྒྱས་	NOUN
རྣམས་	རྣམས་	DET
ཀྱིས་	གིས་	PART
རབ་	རབ་	ADV
བསྒྲུབས་པ་	བསྒྲུབས་པ་	VERB
། །		PUNCT
དེ་རིང་	དེ་རིང་	ADV
ཁྱོད་	ཁྱོད་	PRON
ལ་	ལ་	PART
བསྐུར་བ་	བསྐུར་བ་	VERB
ར་	ལ་	PART
བགྱི་	བགྱི་	VERB
། །		PUNCT
གསང་	གསང་	VERB
མཆོག་	མཆོག་	ADJ
ཐོད་པ་	ཐོད་པ་	NOUN
འི་	གི་	PART
དབང་	དབང་	NOUN
འདི་	འདི་	DET
ཡོངས་རྫོགས་	ཡོངས་རྫོགས་	OTHER
ཤོག་	ཤོག་	VERB
།		PUNCT
ཨོཾ་	ཨོཾ་	X
ཨཱཿ་		NON_WORD
ཧཱུཾ་		NON_WORD
ཧྲཱིཿ་		NON_WORD
ཨོཾ་	ཨོཾ་	X
མ་ཎི་	མ་ཎི་	OTHER
པདྨེ་		NON_WORD
ཧཱུཾ་		NON_WORD
།		PUNCT
ཨོཾ་	ཨོཾ་	X
དྷུ་		NON_WORD
མ་	མ་	PART
གྷ་		NON_WORD
ཡེ་	ཡེ་	ADV
ན་	ལ་	PART
མཿ་		NON_WORD
སྭཱ་		NON_WORD
ཧཱ་		NON_WORD
།		PUNCT
ཨ་	ཨ་	X
བྷི་		NON_WORD
ཥིཉྩ་		NON_WORD
ཏུ་	ལ་	PART
མཱཾ་		NON_WORD
།		PUNCT
སིནྡྷུ་		NON_WORD
ར་	ར་	ADP
འི་	གི་	PART
མེ་ལོང་	མེ་ལོང་	NOUN
གཏད་	གཏད་	VERB
ལ་	ལ་	PART
།		PUNCT
སངས་རྒྱས་	སངས་རྒྱས་	NOUN
ཀུན་	ཀུན་	DET
གྱི་	གི་	PART
ཤེས་རབ་	ཤེས་རབ་	NOUN
དབང་	དབང་	NOUN
། །		PUNCT
སངས་རྒྱས་	སངས་རྒྱས་	NOUN
ཀུན་	ཀུན་	DET
གྱིས་	གིས་	PART
རབ་	རབ་	ADV
བསྒྲུབས་པ་	བསྒྲུབས་པ་	VERB
། །		PUNCT
དེ་རིང་	དེ་རིང་	ADV
ཁྱོད་	ཁྱོད་	PRON
ལ་	ལ་	PART
བསྐུར་བ་	བསྐུར་བ་	VERB
ར་	ལ་	PART
བྱ་	བྱ་	VERB
། །		PUNCT
ཤེས་རབ་	ཤེས་རབ་	NOUN
ཡེ་ཤེས་	ཡེ་ཤེས་	NOUN
དབང་	དབང་	NOUN
འདི་	འདི་	DET
ཡོངས་རྫོགས་	ཡོངས་རྫོགས་	OTHER
ཤོག་	ཤོག་	VERB
།		PUNCT
ཨོཾ་	ཨོཾ་	X
དྷུ་		NON_WORD
མ་	མ་	PART
གྷ་		NON_WORD
ཡེ་	ཡེ་	ADV
ན་	ལ་	PART
མཿ་		NON_WORD
སྭཱ་		NON_WORD
ཧཱ་		NON_WORD
།		PUNCT
ཨ་	ཨ་	X
བྷི་		NON_WORD
ཥིཉྩ་		NON_WORD
ཏུ་	ལ་	PART
མཾ་	མཾ་	NO_POS
།		PUNCT
རྡོ་རྗེ་	རྡོ་རྗེ་	NOUN
བསྟན་	བསྟན་	VERB
ལ་	ལ་	PART
།		PUNCT
ཡེ་ཤེས་	ཡེ་ཤེས་	NOUN
འདི་	འདི་	DET
ནི་	ནི་	NO_POS
ཆེ་	ཆེ་	VERB
ཕྲ་	ཕྲ་	NOUN
ཞིང་	ཅིང་	PART
། །		PUNCT
རྡོ་རྗེ་	རྡོ་རྗེ་	NOUN
ནམ་མཁ་	ནམ་མཁའ་	NOUN
འི་	གི་	PART
དཀྱིལ་	དཀྱིལ་	NOUN
ལྟ་བུ་	ལྟ་བུ་	NOUN
། །		PUNCT
རྡུལ་བྲལ་	རྡུལ་བྲལ་	ADJ
ཐ་	ཐ་	VERB
སྦྱིན་	སྦྱིན་	VERB
ཞི་བ་	ཞི་བ་	VERB
ཉིད་	ཉིད་	DET
། །		PUNCT
ཁྱོད་	ཁྱོད་	PRON
ཀྱི་	གི་	PART
ཕ་	ཕ་	NOUN
ནི་	ནི་	NO_POS
ཁྱོད་	ཁྱོད་	PRON
ཉིད་	ཉིད་	DET
དོ་	གོ་	PART
། །		PUNCT
ཞེ་	ཅེས་	PART
ངོ་	གོ་	PART
སྤྲད་	སྤྲད་	NO_POS
།		PUNCT
བུམ་པ་	བུམ་པ་	NOUN
འི་	གི་	PART
དབང་	དབང་	NOUN
ནི་	ནི་	NO_POS
དང་པོ་	དང་པོ་	ADJ
སྟེ་	སྟེ་	PART
། །		PUNCT
གསང་བ་	གསང་བ་	VERB
འི་	གི་	PART
དབང་	དབང་	NOUN
ནི་	ནི་	NO_POS
གཉིས་པ་	གཉིས་པ་	NUM
འོ་	གོ་	PART
། །		PUNCT
ཤེས་རབ་	ཤེས་རབ་	NOUN
ཡེ་ཤེས་	ཡེ་ཤེས་	NOUN
གསུམ་པ་	གསུམ་པ་	NUM
སྟེ་	སྟེ་	PART
། །		PUNCT
ངེས་ཤེས་	ངེས་ཤེས་	NOUN
བསྐྱེད་པ་	བསྐྱེད་པ་	VERB
བཞི་པ་	བཞི་པ་	ADJ
འོ་	གོ་	PART
། །		PUNCT
ལྷ་	ལྷ་	NOUN
དང་	དང་	NO_POS
སྔགས་	སྔགས་	NOUN
དང་	དང་	NO_POS
སྟོང་པ་ཉིད་	སྟོང་པ་ཉིད་	NOUN
། །		PUNCT
བདེ་སྟོང་	བདེ་སྟོང་	NOUN
འདྲེས་པ་	འདྲེས་པ་	VERB
ར་	ལ་	PART
བསྒོམ་པ་	བསྒོམ་པ་	VERB
དབང་	དབང་	NOUN
། །		PUNCT
ཐ་མལ་	ཐ་མལ་	ADJ
ལུས་	ལུས་	NOUN
ཀྱི་	གི་	PART
རྣམ་རྟོག་	རྣམ་རྟོག་	NOUN
ནི་	ནི་	NO_POS
། །		PUNCT
དང་པོ་	དང་པོ་	ADJ
བུམ་པ་	བུམ་པ་	NOUN
འི་	གི་	PART
དབང་	དབང་	NOUN
གིས་	གིས་	PART
བཅད་	བཅད་	VERB
། །		PUNCT
རང་བཞིན་	རང་བཞིན་	NOUN
ལྷ་	ལྷ་	NOUN
ཡི་	གི་	PART
རྣམ་པ་	རྣམ་པ་	NOUN
ར་	ལ་	PART
བསྒོམ་	བསྒོམ་	VERB
། །		PUNCT
ཐ་མལ་	ཐ་མལ་	ADJ
ངག་	ངག་	NOUN
གི་	གི་	PART
རྣམ་རྟོག་	རྣམ་རྟོག་	NOUN
ནི་	ནི་	NO_POS
། །		PUNCT
གཉིས་པ་	གཉིས་པ་	NUM
གསང་བ་	གསང་བ་	VERB
འི་	གི་	PART
དབང་	དབང་	NOUN
གིས་	གིས་	PART
བཅད་	བཅད་	VERB
། །		PUNCT
བཟླས་བརྗོད་	བཟླས་བརྗོད་	OTHER
རྒྱུན་	རྒྱུན་	NOUN
དུ་	ལ་	PART
བཟླས་པ་	བཟླས་པ་	VERB
འོ་	གོ་	PART
། །		PUNCT
ཐ་མལ་	ཐ་མལ་	ADJ
སེམས་	སེམས་	NOUN
ཀྱི་	གི་	PART
རྣམ་རྟོག་	རྣམ་རྟོག་	NOUN
ནི་	ནི་	NO_POS
། །		PUNCT
གསུམ་པ་	གསུམ་པ་	NUM
ཤེས་རབ་	ཤེས་རབ་	NOUN
དབང་	དབང་	NOUN
གིས་	གིས་	PART
བཅད་	བཅད་	VERB
། །		PUNCT
བདེ་	བདེ་	VERB
དང་	དང་	NO_POS
སྟོང་པ་	སྟོང་པ་	VERB
འི་	གི་	PART
དོན་	དོན་	NOUN
དྲན་	དྲན་	VERB
བྱ་	བྱ་	VERB
། །		PUNCT
འབྲས་བུ་	འབྲས་བུ་	NOUN
ཐམས་ཅད་	ཐམས་ཅད་	DET
བསྡུས་པ་	བསྡུས་པ་	VERB
ནི་	ནི་	NO_POS
། །		PUNCT
བཞི་པ་	བཞི་པ་	ADJ
ཡེ་ཤེས་	ཡེ་ཤེས་	NOUN
དབང་	དབང་	NOUN
ཡིན་	ཡིན་	NO_POS
ནོ་	གོ་	PART
། །		PUNCT
གཙོ་བོ་	གཙོ་བོ་	ADJ
ས་	གིས་	PART
ཇི་ལྟ་		
བཀའ་	བཀའ་	NOUN
སྩལ་པ་	སྩལ་པ་	VERB
། །		PUNCT
དེ་དག་	དེ་དག་	OTHER
ཐམས་ཅད་	ཐམས་ཅད་	DET
བདག་	བདག་	PRON
གིས་	གིས་	PART
བགྱི་	བགྱི་	VERB
། །		PUNCT
མཎྜལ་		NON_WORD
།		PUNCT
དེང་ནས་	དེང་ནས་	NO_POS
བརྩམས་	བརྩམས་	VERB
ཏེ་	སྟེ་	PART
བདག་	བདག་	PRON
བྲན་	བྲན་	NOUN
དུ་	ལ་	PART
། །		PUNCT
ཁྱེད་	ཁྱེད་	PRON
ལ་	ལ་	PART
བདག་	བདག་	PRON
ནི་	ནི་	NO_POS
འབུལ་	འབུལ་	NO_POS
ལགས་	ལགས་	AUX
ན་	ལ་	PART
། །		PUNCT
ཁྱེད་	ཁྱེད་	PRON
ཀྱིས་	གིས་	PART
སློབ་མ་	སློབ་མ་	NOUN
ར་	ལ་	PART
བཟུང་བ་	བཟུང་བ་	VERB
དང་	དང་	NO_POS
། །		PUNCT
ཆ་	ཆ་	NOUN
ཡི་	གིས་	PART
ཀྱང་	ཀྱང་	PART
ནི་	ནི་	NO_POS
སྤྱད་	སྤྱད་	VERB
དུ་	ལ་	PART
གསོལ་	གསོལ་	VERB
། །		PUNCT
དེ་ལྟ་	དེ་ལྟ་	NO_POS
དབང་	དབང་	NOUN
བསྐུར་བ་	བསྐུར་བ་	VERB
ས་	གིས་	PART
ཚེ་	ཚེ་	NOUN
འདའ་	འདའ་	VERB
ཀྱི་	གི་	PART
སྒོ་གསུམ་	སྒོ་གསུམ་	OTHER
ལྷ་	ལྷ་	NOUN
འི་	གི་	PART
ངོ་བོ་	ངོ་བོ་	NOUN
ར་	ལ་	PART
གྱུར་	གྱུར་	VERB
། །		PUNCT
འདོད་ཡོན་	འདོད་ཡོན་	NOUN
རྣམས་	རྣམས་	DET
བསང་	བསང་	OTHER
སྦྱང་	སྦྱང་	VERB
།		PUNCT
ཨ་	ཨ་	X
ཀཱ་	ཀཱ་	NO_POS
རོ་	རོ་	NOUN
ས་	གིས་	PART
བརླབ་	བརླབ་	NO_POS
།		PUNCT
ཨོཾ་	ཨོཾ་	X
།		PUNCT
ཟ་	ཟ་	NOUN
ལོངས་	ལོངས་	VERB
ཚེ་	ཚེ་	NOUN
འདའ་	འདའ་	VERB
རིགས་	རིགས་	NOUN
ཀྱི་	གི་	PART
བུ་	བུ་	NOUN
། །		PUNCT
ང་	ང་	PRON
ནི་	ནི་	NO_POS
དབང་ཆེན་	དབང་ཆེན་	OTHER
དཔལ་	དཔལ་	OTHER
གྱི་	གི་	PART
སྐུ་	སྐུ་	NOUN
། །		PUNCT
སངས་རྒྱས་	སངས་རྒྱས་	NOUN
ཀུན་	ཀུན་	DET
དང་	དང་	NO_POS
རབ་	རབ་	ADV
སྦྱོར་བ་	སྦྱོར་བ་	VERB
འི་	གི་	PART
། །		PUNCT
ཡེ་ཤེས་	ཡེ་ཤེས་	NOUN
འོད་ཟེར་	འོད་ཟེར་	NOUN
ཀུན་	ཀུན་	DET
ཏུ་	ལ་	PART
འཕྲོ་	འཕྲོ་	NOUN
། །		PUNCT
ཐམས་ཅད་	ཐམས་ཅད་	DET
འདོད་པ་	འདོད་པ་	VERB
ཚིམས་	ཚིམས་	NO_POS
བྱེད་པ་	བྱེད་པ་	VERB
། །		PUNCT
བཅུད་	བཅུད་	NOUN
ཆེན་	ཆེན་	NO_POS
རོ་མཆོག་	རོ་མཆོག་	NO_POS
སྟོང་	སྟོང་	NUM
དང་	དང་	NO_POS
ལྡན་	ལྡན་	VERB
། །		PUNCT
འདི་	འདི་	DET
ནི་	ནི་	NO_POS
སྔོན་	སྔོན་	ADV
གྱི་	གི་	PART
དམ་ཚིག་	དམ་ཚིག་	NOUN
སྟེ་	སྟེ་	PART
། །		PUNCT
དེ་ཕྱིར་	དེ་ཕྱིར་	NO_POS
ཁྱོད་	ཁྱོད་	PRON
ཀྱིས་	གིས་	PART
ཟ་	ཟ་	NOUN
འདི་	འདི་	DET
ལོངས་	ལོངས་	VERB
། །		PUNCT
སྔོན་ཚེ་	སྔོན་ཚེ་	NO_POS
རྒྱལ་པོ་	རྒྱལ་པོ་	NOUN
ཚེ་	ཚེ་	NOUN
འདའ་	འདའ་	VERB
རྣམས་	རྣམས་	DET
། །		PUNCT
ཟ་	ཟ་	NOUN
གཏད་	གཏད་	VERB
ཚིམས་	ཚིམས་	NO_POS
ཤིང་	ཅིང་	PART
གྲོལ་བ་	གྲོལ་བ་	VERB
ལྟ་	ལྟ་	OTHER
། །		PUNCT
ཚེ་	ཚེ་	NOUN
འདའ་	འདའ་	VERB
ཁྱོད་	ཁྱོད་	PRON
ལ་	ལ་	PART
ཟ་	ཟ་	NOUN
གཏད་	གཏད་	VERB
ཀྱི་	གི་	PART
། །		PUNCT
ཟ་	ཟ་	NOUN
འདི་	འདི་	DET
ལོངས་	ལོངས་	VERB
ལ་	ལ་	PART
རང་སེམས་	རང་སེམས་	NOUN
ལྟོ་	ལྟོ་	VERB
། །		PUNCT
ཚེ་	ཚེ་	NOUN
འདའ་	འདའ་	VERB
རིགས་	རིགས་	NOUN
ཀྱི་	གི་	PART
བུ་	བུ་	NOUN
ཁྱོད་	ཁྱོད་	PRON
ཀྱང་	ཀྱང་	PART
། །		PUNCT
ཕྱི་	ཕྱི་	VERB
ན་	ནས་	PART
རྒྱུ་	རྒྱུ་	NOUN
འདི་	འདི་	DET
མ་	མ་	PART
ལོན་པ་	ལོན་པ་	VERB
ར་	ལ་	PART
། །		PUNCT
སྐྱེ་	སྐྱེ་	NOUN
མེད་	མེད་	VERB
བྱང་ཆུབ་	བྱང་ཆུབ་	NOUN
དྲན་པ་	དྲན་པ་	VERB
ར་	ལ་	PART
གྱིས་	གིས་	PART
། །		PUNCT
རང་སྣང་	རང་སྣང་	NO_POS
ཆོས་ཉིད་	ཆོས་ཉིད་	NOUN
དབང་	དབང་	NOUN
ཐོབ་	ཐོབ་	VERB
ཤོག་	ཤོག་	VERB
།		PUNCT
བདེ་བ་	བདེ་བ་	VERB
ཅན་	ཅན་	PART
གྱི་	གི་	PART
ཞིང་ཁམས་	ཞིང་ཁམས་	NOUN
ན་	ལ་	PART
། །		PUNCT
ཆོས་ཉིད་	ཆོས་ཉིད་	NOUN
འོད་གསལ་	འོད་གསལ་	NOUN
ལྷུན་	ལྷུན་	NOUN
རེ་	རེ་	DET
སྟུག་	སྟུག་	NO_POS
།		PUNCT
ཟ་	ཟ་	NOUN
འདི་	འདི་	DET
ལོངས་	ལོངས་	VERB
ལ་	ལ་	PART
དབྱིངས་	དབྱིངས་	NOUN
སུ་	ལ་	PART
གཤེགས་	གཤེགས་	VERB
། །		PUNCT
འཁོར་བ་	འཁོར་བ་	NOUN
འདི་	འདི་	DET
ལ་མ་	ལ་མ་	NO_POS
ཆགས་	ཆགས་	VERB
ཤིག་	ཅིག་	PART
།		PUNCT
དེ་ནས་	དེ་ནས་	NO_POS
དམིགས་རྟེན་	དམིགས་རྟེན་	NO_POS
ལག་	ལག་	NOUN
ཏུ་	ལ་	PART
ཐོགས་	ཐོགས་	VERB
ཏེ་	སྟེ་	PART
།		PUNCT
རྒྱས་པ་	རྒྱས་པ་	VERB
ར་	ལ་	PART
ན་	ལ་	PART
།		PUNCT
ཆོས་སྐུ་	ཆོས་སྐུ་	NOUN
དྲི་མེད་	དྲི་མེད་	ADJ
རྡོ་རྗེ་	རྡོ་རྗེ་	NOUN
འཆང་	འཆང་	NO_POS
། །		PUNCT
སྤྱན་རས་	སྤྱན་རས་	NO_POS
གཟིགས་	གཟིགས་	VERB
དབང་	དབང་	NOUN
འགྲོ་བ་	འགྲོ་བ་	VERB
འི་	གི་	PART
མགོན་	མགོན་	NOUN
། །		PUNCT
ཚེ་	ཚེ་	NOUN
འདའ་	འདའ་	VERB
སེམས་ཉིད་	སེམས་ཉིད་	NOUN
མཆོད་པ་	མཆོད་པ་	VERB
ར་	ལ་	PART
འབུལ་	འབུལ་	NO_POS
། །		PUNCT
གཏི་མུག་	གཏི་མུག་	NOUN
དབྱིངས་	དབྱིངས་	NOUN
སུ་	ལ་	PART
སྒྲོལ་	སྒྲོལ་	VERB
མཛད་	མཛད་	VERB
གསོལ་	གསོལ་	VERB
། །		PUNCT
བྱང་སེམས་	བྱང་སེམས་	NOUN
རྣམ་པ་	རྣམ་པ་	NOUN
ར་	ལ་	PART
དག་པ་	དག་པ་	VERB
ཡི་	གི་	PART
། །		PUNCT
རྣམ་སྣང་	རྣམ་སྣང་	PROPN
རྒྱལ་པོ་	རྒྱལ་པོ་	NOUN
གངས་	གངས་	NOUN
ཆེན་	ཆེན་	NO_POS
མཚོ་	མཚོ་	NOUN
། །		PUNCT
ཚེ་	ཚེ་	NOUN
འདའ་	འདའ་	VERB
ཕུང་པོ་	ཕུང་པོ་	NOUN
མཆོད་པ་	མཆོད་པ་	VERB
ར་	ལ་	PART
འབུལ་	འབུལ་	NO_POS
།		PUNCT
མ་	མ་	PART
དག་	དག་	DET
གཟུགས་	གཟུགས་	NOUN
ཀྱི་	གི་	PART
ཕུང་པོ་	ཕུང་པོ་	NOUN
སྒྲོལ་	སྒྲོལ་	VERB
།		PUNCT
མི་	མི་	PART
འགྱུར་	འགྱུར་	VERB
རྡོ་རྗེ་	རྡོ་རྗེ་	NOUN
ལྟ་བུ་	ལྟ་བུ་	NOUN
ཡི་	གི་	PART
། །		PUNCT
མི་	མི་	PART
བསྐྱོད་	བསྐྱོད་	VERB
རྡོ་རྗེ་	རྡོ་རྗེ་	NOUN
རིགས་	རིགས་	NOUN
ཀྱི་	གི་	PART
གཙོ་	གཙོ་	NOUN
། །		PUNCT
ཚེ་	ཚེ་	NOUN
འདའ་	འདའ་	VERB
རྣམ་ཤེས་	རྣམ་ཤེས་	NOUN
མཆོད་པ་	མཆོད་པ་	VERB
ར་	ལ་	PART
འབུལ་	འབུལ་	NO_POS
། །		PUNCT
ཞེ་སྡང་	ཞེ་སྡང་	NOUN
དབྱིངས་	དབྱིངས་	NOUN
སུ་	ལ་	PART
སྒྲོལ་	སྒྲོལ་	VERB
མཛད་	མཛད་	VERB
གསོལ་	གསོལ་	VERB
། །		PUNCT
དྲི་མེད་	དྲི་མེད་	ADJ
པདྨ་	པདྨ་	NOUN
ལྟ་བུ་	ལྟ་བུ་	NOUN
ཡི་	གི་	PART
། །		PUNCT
འཆི་མེད་	འཆི་མེད་	NOUN
རྒྱལ་པོ་	རྒྱལ་པོ་	NOUN
འོད་	འོད་	NOUN
དཔག་མེད་	དཔག་མེད་	ADJ
། །		PUNCT
ཚེ་	ཚེ་	NOUN
འདའ་	འདའ་	VERB
འདུ་ཤེས་	འདུ་ཤེས་	NOUN
མཆོད་པ་	མཆོད་པ་	VERB
ར་	ལ་	PART
འབུལ་	འབུལ་	NO_POS
། །		PUNCT
འདོད་ཆགས་	འདོད་ཆགས་	NOUN
དབྱིངས་	དབྱིངས་	NOUN
སུ་	ལ་	PART
སྒྲོལ་	སྒྲོལ་	VERB
མཛད་	མཛད་	VERB
གསོལ་	གསོལ་	VERB
། །		PUNCT
ཡིད་བཞིན་	ཡིད་བཞིན་	OTHER
ནོར་བུ་	ནོར་བུ་	NOUN
ལྟ་བུ་	ལྟ་བུ་	NOUN
ཡི་	གི་	PART
། །		PUNCT
ཡོན་ཏན་	ཡོན་ཏན་	NOUN
ཐམས་ཅད་	ཐམས་ཅད་	DET
འབྱུང་བ་	འབྱུང་བ་	VERB
འི་	གི་	PART
གནས་	གནས་	NOUN
། །		PUNCT
ཚེ་	ཚེ་	NOUN
འདའ་	འདའ་	VERB
ཚོར་བ་	ཚོར་བ་	VERB
ས་	གིས་	PART
མཆོད་པ་	མཆོད་པ་	VERB
ར་	ལ་	PART
འབུལ་	འབུལ་	NO_POS
། །		PUNCT
ང་རྒྱལ་	ང་རྒྱལ་	NOUN
དབྱིངས་	དབྱིངས་	NOUN
སུ་	ལ་	PART
སྒྲོལ་	སྒྲོལ་	VERB
མཛད་	མཛད་	VERB
གསོལ་	གསོལ་	VERB
། །		PUNCT
ཕྲིན་ལས་	ཕྲིན་ལས་	NOUN
ཐམས་ཅད་	ཐམས་ཅད་	DET
ཡོངས་རྫོགས་	ཡོངས་རྫོགས་	OTHER
ཤིང་	ཅིང་	PART
། །		PUNCT
རྒྱལ་བ་	རྒྱལ་བ་	NOUN
འི་	གི་	PART
དགོངས་པ་	དགོངས་པ་	VERB
རྫོགས་	རྫོགས་	VERB
མཛད་པ་	མཛད་པ་	VERB
། །		PUNCT
ཚེ་	ཚེ་	NOUN
འདའ་	འདའ་	VERB
འདུ་བྱེད་	འདུ་བྱེད་	NOUN
མཆོད་པ་	མཆོད་པ་	VERB
ར་	ལ་	PART
འབུལ་	འབུལ་	NO_POS
། །		PUNCT
ཕྲག་དོག་	ཕྲག་དོག་	NOUN
དབྱིངས་	དབྱིངས་	NOUN
སུ་	ལ་	PART
སྒྲོལ་	སྒྲོལ་	VERB
མཛད་	མཛད་	VERB
གསོལ་	གསོལ་	VERB
། ༈ །		PUNCT
དུས་གསུམ་	དུས་གསུམ་	OTHER
སངས་རྒྱས་	སངས་རྒྱས་	NOUN
སྐུ་གསུང་ཐུགས་	སྐུ་གསུང་ཐུགས་	NOUN
། །		PUNCT
རྒྱལ་བ་	རྒྱལ་བ་	NOUN
རྒྱ་མཚོ་	རྒྱ་མཚོ་	NOUN
སྤྱན་རས་	སྤྱན་རས་	NO_POS
གཟིགས་	གཟིགས་	VERB
། །		PUNCT
ཚེ་	ཚེ་	NOUN
འདའ་	འདའ་	VERB
སྐྱེ་མཆེད་	སྐྱེ་མཆེད་	NOUN
མཆོད་པ་	མཆོད་པ་	VERB
ར་	ལ་	PART
འབུལ་	འབུལ་	NO_POS
། །		PUNCT
ཁམས་	ཁམས་	NOUN
གསུམ་	གསུམ་	NUM
སྐྱེ་	སྐྱེ་	NOUN
མེད་	མེད་	VERB
དབྱིངས་	དབྱིངས་	NOUN
སུ་	ལ་	PART
སྒྲོལ་	སྒྲོལ་	VERB
། །		PUNCT
རང་བཞིན་	རང་བཞིན་	NOUN
གདོད་	གདོད་	NO_POS
ན་	ནས་	PART
དག་པ་	དག་པ་	VERB
ལ་	ལ་	PART
། །		PUNCT
ཚོགས་	ཚོགས་	NOUN
གཉིས་	གཉིས་	NUM
ཟུང་འཇུག་	ཟུང་འཇུག་	NOUN
ཕྲིན་ལས་	ཕྲིན་ལས་	NOUN
ཀྱིས་	གིས་	PART
། །		PUNCT
བར་དོ་	བར་དོ་	NOUN
ར་	ལ་	PART
གནས་པ་	གནས་པ་	VERB
འི་	གི་	PART
འགྲོ་བ་	འགྲོ་བ་	VERB
རྣམས་	རྣམས་	DET
། །		PUNCT
ཐུགས་རྗེ་	ཐུགས་རྗེ་	NOUN
འི་	གི་	PART
ལྕགས་ཀྱུ་	ལྕགས་ཀྱུ་	NOUN
ས་	གིས་	PART
མྱུར་	མྱུར་	VERB
དུ་	ལ་	PART
དྲོངས་	དྲོངས་	VERB
། །		PUNCT
ཞེ་	ཅེས་	PART
སམ་	གམ་	PART
།		PUNCT
བསྡུ་	བསྡུ་	VERB
ན་	ལ་	PART
།		PUNCT
དུས་གསུམ་	དུས་གསུམ་	OTHER
སངས་རྒྱས་	སངས་རྒྱས་	NOUN
སྐུ་གསུང་ཐུགས་	སྐུ་གསུང་ཐུགས་	NOUN
མན་	མན་	OTHER
བརྗོད་	བརྗོད་	VERB
།		PUNCT
དེ་ནས་	དེ་ནས་	NO_POS
།		PUNCT
ཚེ་	ཚེ་	NOUN
འདའ་	འདའ་	VERB
རྒྱུད་	རྒྱུད་	NOUN
ཀྱི་	གི་	PART
མ་	མ་	PART
དག་པ་	དག་པ་	VERB
འི་	གི་	PART
། །		PUNCT
ཕུང་པོ་	ཕུང་པོ་	NOUN
ཁམས་	ཁམས་	NOUN
དང་	དང་	NO_POS
སྐྱེ་མཆེད་	སྐྱེ་མཆེད་	NOUN
རྣམས་	རྣམས་	DET
། །		PUNCT
སྐུ་ལྔ་	སྐུ་ལྔ་	OTHER
ཡེ་ཤེས་	ཡེ་ཤེས་	NOUN
ལྔ་	ལྔ་	NUM
ཡི་	གི་	PART
མེ་	མེ་	NOUN
ས་	གིས་	PART
། །		PUNCT
བསྲེགས་པ་	བསྲེགས་པ་	VERB
ས་	གིས་	PART
བྱང་	བྱང་	NOUN
ཞིང་	ཅིང་	PART
དག་པ་	དག་པ་	VERB
ར་	ལ་	PART
གྱུར་	གྱུར་	VERB
། །		PUNCT
སྔགས་	སྔགས་	NOUN
རྣམས་	རྣམས་	DET
བརྗོད་	བརྗོད་	VERB
ཅིང་	ཅིང་	PART
མིང་བྱང་	མིང་བྱང་	NO_POS
བསྲེགས་	བསྲེགས་	NO_POS
ལ་	ལ་	PART
ཐལ་བ་	ཐལ་བ་	NOUN
སཱཙྪ་		NON_WORD
གདབ་པ་	གདབ་པ་	VERB
འམ་	གམ་	PART
གཙང་	གཙང་	PROPN
ས་	ས་	ADP
ར་	ལ་	PART
དོར་	དོར་	VERB
།		PUNCT
ལམ་བསྟན་པ་	ལམ་བསྟན་པ་	NO_POS
ནི་	ནི་	NO_POS
།		PUNCT
འདི་	འདི་	DET
ན་	ནས་	PART
ཕྱོགས་	ཕྱོགས་	NOUN
བཅུ་	བཅུ་	NUM
འི་	གི་	PART
འཇིག་རྟེན་	འཇིག་རྟེན་	NOUN
ན་	ལ་	PART
། །		PUNCT
དྲི་མ་	དྲི་མ་	NOUN
མེད་པ་	མེད་པ་	VERB
འི་	གི་	PART
འོད་	འོད་	NOUN
ལ་སོགས་	ལ་སོགས་	NO_POS
། །		PUNCT
རྣམ་དག་	རྣམ་དག་	ADJ
སངས་རྒྱས་	སངས་རྒྱས་	NOUN
ཞིང་	ཅིང་	PART
རྣམས་	རྣམས་	DET
ན་	ལ་	PART
། །		PUNCT
པདྨོའི་		NON_WORD
དཔལ་	དཔལ་	OTHER
སོགས་	སོགས་	DET
བདེ་གཤེགས་	བདེ་གཤེགས་	NOUN
རྣམས་	རྣམས་	DET
། །		PUNCT
འཚོ་	འཚོ་	VERB
ཞེ་	ཅེས་	PART
ཁྱོད་	ཁྱོད་	PRON
ལ་ཉེ་	ལ་ཉེ་	NO_POS
ར་	ལ་	PART
དགོངས་	དགོངས་	VERB
ཏེ་	སྟེ་	PART
། །		PUNCT
ཚེ་	ཚེ་	NOUN
འདའ་	འདའ་	VERB
སྐལ་ལྡན་	སྐལ་ལྡན་	ADJ
རིགས་	རིགས་	NOUN
ཀྱི་	གི་	PART
བུ་	བུ་	NOUN
། །		PUNCT
རྒྱལ་བ་	རྒྱལ་བ་	NOUN
དེ་དག་	དེ་དག་	OTHER
ཞིང་	ཅིང་	PART
དུ་	ལ་	PART
གཤེགས་	གཤེགས་	VERB
། །		PUNCT
ཨོཾ་	ཨོཾ་	X
རཏྣེ་		NON_WORD
རཏྣེ་		NON_WORD
མ་	མ་	PART
ཧཱ་		NON_WORD
རཏྣ་		NON_WORD
སཾ་		NON_WORD
བྷ་	བྷ་	NO_POS
ཝེ་		NON_WORD
།		PUNCT
རཏྣ་		NON_WORD
ཀཱི་		NON_WORD
ར་	ར་	ADP
ཎི་		NON_WORD
།		PUNCT
རཏྣ་		NON_WORD
མཱ་	མཱ་	NO_POS
ལཱ་	ལཱ་	NO_POS
བི་	བི་	NO_POS
ཤུདྡྷེ་		NON_WORD
ཤོ་	ཤོ་	NOUN
དྷ་		NON_WORD
ཡ་	ཡ་	NOUN
སརྦ་	སརྦ་	NO_POS
པཱ་	པཱ་	NO_POS
པཾ་		NON_WORD
ཧཱུཾ་		NON_WORD
ཕཊ་		NON_WORD
།		PUNCT
པདྨོ་		NON_WORD
འདམ་	འདམ་	NO_POS
གྱིས་	གིས་	PART
མ་	མ་	PART
གོ་	གོ་	NOUN
ལྟ་	ལྟ་	OTHER
། །		PUNCT
སྲིད་	སྲིད་	NOUN
གསུམ་	གསུམ་	NUM
དྲི་མ་	དྲི་མ་	NOUN
ས་	གིས་	PART
མ་	མ་	PART
གོ་	གོ་	NOUN
ཀྱང་	ཀྱང་	PART
། །		PUNCT
སྲིད་པ་	སྲིད་པ་	VERB
འི་	གི་	PART
པདྨོ་		NON_WORD
ལ་	ལ་	ADP
ས་	གིས་	PART
བྱུང་བ་	བྱུང་བ་	VERB
། །		PUNCT
བདེ་བ་	བདེ་བ་	VERB
ཅན་	ཅན་	PART
དུ་	ལ་	PART
སྐྱེ་བ་	སྐྱེ་བ་	VERB
ར་	ལ་	PART
ཤོག་	ཤོག་	VERB
།		PUNCT
ཨོཾ་	ཨོཾ་	X
པདྨེ་		NON_WORD
པདྨེ་		NON_WORD
པདྨ་	པདྨ་	NOUN
སཾ་		NON_WORD
བྷ་	བྷ་	NO_POS
ཝ་	ཝ་	OTHER
མ་	མ་	PART
ཧཱ་		NON_WORD
སུ་	ལ་	PART
ཁ་	ཁ་	PRON
ཝ་ཏི་	ཝ་ཏི་	NO_POS
གཙྪནྟུ་		NON_WORD
སྭཱ་		NON_WORD
ཧཱ་		NON_WORD
།		PUNCT
རིགས་	རིགས་	NOUN
ཀྱི་	གི་	PART
བུ་	བུ་	NOUN
དེ་	སྟེ་	PART
འོད་	འོད་	NOUN
དཔག་མེད་	དཔག་མེད་	ADJ
སོགས་	སོགས་	DET
ཕྱོགས་	ཕྱོགས་	NOUN
བཅུ་	བཅུ་	NUM
འི་	གི་	PART
བདེ་	བདེ་	VERB
བཞིན་	བཞིན་	NOUN
གཤེགས་པ་	གཤེགས་པ་	VERB
ཐམས་ཅད་	ཐམས་ཅད་	DET
ཀྱི་	གི་	PART
སྲ་	སྲ་	NOUN
སུ་	ལ་	PART
གྱུར་	གྱུར་	VERB
ཏེ་	སྟེ་	PART
དེ་	སྟེ་	PART
ལ་	ལ་	PART
རྒྱ་	རྒྱ་	VERB
སྲ་	སྲ་	NOUN
ཐམས་ཅད་	ཐམས་ཅད་	DET
ཀྱིས་	གིས་	PART
མཆོད་	མཆོད་	VERB
ཅིང་	ཅིང་	PART
བདེ་བ་	བདེ་བ་	VERB
ར་	ལ་	PART
གཤེགས་པ་	གཤེགས་པ་	VERB
རྣམས་	རྣམས་	DET
ཀྱིས་	གིས་	PART
ཆོ་	ཆོ་	NOUN
ཀྱི་	གི་	PART
རྒྱལ་སྲིད་	རྒྱལ་སྲིད་	NOUN
ཆེན་པོ་	ཆེན་པོ་	ADJ
ར་	ལ་	PART
དབང་	དབང་	NOUN
བསྐུར་བ་	བསྐུར་བ་	VERB
ར་	ལ་	PART
གྱུར་	གྱུར་	VERB
ཏོ་	གོ་	PART
། །		PUNCT
ཤིས་བརྗོད་	ཤིས་བརྗོད་	OTHER
དང་	དང་	NO_POS
བསྔོ་སྨོན་	བསྔོ་སྨོན་	NO_POS
བྱ་	བྱ་	VERB
།		PUNCT
དེ་ནས་	དེ་ནས་	NO_POS
ཚོགས་	ཚོགས་	NOUN
ལ་	ལ་	PART
རོལ་	རོལ་	VERB
ཞིང་	ཅིང་	PART
ལྷག་མ་	ལྷག་མ་	NOUN
དང་	དང་	NO_POS
རྗེས་	རྗེས་	NOUN
ཀྱི་	གི་	PART
ཆོ་ག་	ཆོ་ག་	NOUN
རྣམས་	རྣམས་	DET
ནི་	ནི་	NO_POS
གཞུང་ལས་	གཞུང་ལས་	NO_POS
འབྱུང་བ་	འབྱུང་བ་	VERB
ལྟ་	ལྟ་	OTHER
བྱ་	བྱ་	VERB
འོ་	གོ་	PART
། །		PUNCT
རང་བྱུང་	རང་བྱུང་	NOUN
ནམ་མཁའ་	ནམ་མཁའ་	NOUN
སྤྱོད་པ་	སྤྱོད་པ་	VERB
འི་	གི་	PART
གཞུང་བཟང་	གཞུང་བཟང་	NO_POS
ལ་	ལ་	ADP
ས་	གིས་	PART
། །		PUNCT
དཀོན་མཆོག་	དཀོན་མཆོག་	NOUN
འབངས་	འབངས་	NOUN
ཀྱིས་	གིས་	PART
བསྡུ་	བསྡུ་	VERB
ཤིང་	ཅིང་	PART
གསལ་བ་	གསལ་བ་	VERB
ར་	ལ་	PART
མཛད་	མཛད་	VERB
། །		PUNCT
དེ་ལས་	དེ་ལས་	NO_POS
རང་	རང་	PRON
འདྲ་	འདྲ་	VERB
འི་	གི་	PART
ཤེ་		
བརྩོན་	བརྩོན་	VERB
དམན་	དམན་	VERB
རྣམས་	རྣམས་	DET
ཕྱི་	ཕྱི་	OTHER
། །		PUNCT
བསྡུ་	བསྡུ་	VERB
ཏེ་	སྟེ་	PART
བཀླགས་	བཀླགས་	NO_POS
ཆོག་	ཆོག་	VERB
ཉིད་	ཉིད་	DET
དུ་	ལ་	PART
བཀོད་པ་	བཀོད་པ་	VERB
འི་	གི་	PART
དགེ་	དགེ་	NOUN
ས་	གིས་	PART
། །		PUNCT
འཇིགས་རུང་	འཇིགས་རུང་	NO_POS
སྲིད་པ་	སྲིད་པ་	VERB
འི་	གི་	PART
འཁྲུལ་	འཁྲུལ་	NO_POS
འཁོར་	འཁོར་	NOUN
ལ་	ལ་	PART
། །		PUNCT
ལ་	ལ་	ADP
ས་	གིས་	PART
ཀྱིས་	གིས་	PART
བཅིངས་པ་	བཅིངས་པ་	VERB
འི་	གི་	PART
འགྲོ་བ་	འགྲོ་བ་	VERB
ཀུན་	ཀུན་	DET
། །		PUNCT
པདྨ་	པདྨ་	NOUN
ས་	གིས་	PART
བརྒྱན་པ་	བརྒྱན་པ་	VERB
འི་	གི་	PART
ཞིང་མཆོག་	ཞིང་མཆོག་	OTHER
ཏུ་	ལ་	PART
། །		PUNCT
འཇིག་རྟེན་	འཇིག་རྟེན་	NOUN
མགོན་པོ་	མགོན་པོ་	NOUN
ས་	གིས་	PART
དགྲོལ་བ་	དགྲོལ་བ་	VERB
ར་	ལ་	PART
ཤོག་	ཤོག་	VERB
།		PUNCT
ཅེས་པ་	ཅེས་པ་	PART
འང་	ཀྱང་	PART
ཐུགས་རྗེ་	ཐུགས་རྗེ་	NOUN
ཆེ་	ཆེ་	VERB
དངོ་	དངོ་	NOUN
ཀུན་མཁྱེན་	ཀུན་མཁྱེན་	OTHER
བླ་མ་	བླ་མ་	NOUN
མཚོ་སྐྱེས་	མཚོ་སྐྱེས་	OTHER
དགྱེས་པ་	དགྱེས་པ་	VERB
འི་	གི་	PART
བཀའ་ལུང་	བཀའ་ལུང་	NOUN
རྗེས་སུ་	རྗེས་སུ་	OTHER
སྒྲུབ་	སྒྲུབ་	VERB
སླད་	སླད་	NOUN
།		PUNCT
ཟབ་	ཟབ་	VERB
ཆོ་	ཆོ་	NOUN
འདི་ཉིད་	འདི་ཉིད་	OTHER
ཀྱི་	གི་	PART
སྣོད་	སྣོད་	NOUN
ལྡན་	ལྡན་	VERB
དུ་	ལ་	PART
གྱུར་པ་	གྱུར་པ་	VERB
ཀརྨ་	ཀརྨ་	NO_POS
ངག་དབང་	ངག་དབང་	PROPN
ཡོན་ཏན་	ཡོན་ཏན་	NOUN
རྒྱ་མཚོ་	རྒྱ་མཚོ་	NOUN
ས་	གིས་	PART
དཔལ་	དཔལ་	OTHER
སྤུངས་	སྤུངས་	VERB
ཡང་	ཀྱང་	PART
ཁྲོད་	ཁྲོད་	NOUN
ཀུན་བཟང་	ཀུན་བཟང་	ADJ
བདེ་ཆེན་	བདེ་ཆེན་	NOUN
འོད་གསལ་	འོད་གསལ་	NOUN
གླིང་	གླིང་	NOUN
དུ་	ལ་	PART
བྲིས་པ་	བྲིས་པ་	VERB
དགེ་ལེགས་	དགེ་ལེགས་	OTHER
འཕེལ་	འཕེལ་	VERB
།། ༈		PUNCT
ཀརྨ་	ཀརྨ་	NO_POS
ལེགས་བཤད་	ལེགས་བཤད་	NOUN
གླིང་	གླིང་	NOUN
གི་	གི་	PART
བཤད་གྲྭ་	བཤད་གྲྭ་	OTHER
རུ་	ལ་	PART
། །		PUNCT
བླ་མ་	བླ་མ་	NOUN
བསོད་ནམས་	བསོད་ནམས་	NOUN
རབ་	རབ་	ADV
རྒྱ་	རྒྱ་	VERB
ཞེ་	ཅེས་	PART
བྱ་བ་	བྱ་བ་	VERB
ས་	གིས་	PART
། །		PUNCT
གཞན་ཕན་	གཞན་ཕན་	OTHER
ལྷག་བསམ་	ལྷག་བསམ་	NOUN
བཟང་པོ་	བཟང་པོ་	ADJ
འི་	གི་	PART
མཐུ་	མཐུ་	NOUN
ས་	གིས་	PART
བསྐྱེད་	བསྐྱེད་	VERB
ཀྱིས་	གིས་	PART
། །		PUNCT
སྤ་	སྤ་	NOUN
དུ་	ལ་	PART
བསྒྲུབས་	བསྒྲུབས་	VERB
དགེ་	དགེ་	NOUN
ས་	གིས་	PART
འགྲོ་	འགྲོ་	VERB
ཀུན་	ཀུན་	DET
འཚང་	འཚང་	VERB
རྒྱ་ཤོག་	རྒྱ་ཤོག་	NO_POS
།		PUNCT
སརྦ་	སརྦ་	NO_POS
མངྒ་		NON_WORD
ལཾ་		NON_WORD
།		PUNCT
དགེ་	དགེ་	NOUN
འོ་	གོ་	PART
།། །།		PUNCT
